surface_a,surface_b,token_similarity,char_similarity,decision_zone,proposed_decision,ground_truth_decision,outcome,correct,pair_type
Health_Alliance_Alpha,Health_Alliance_Beta,0.5,0.829,refer_to_human,do_not_merge,do_not_merge,referred_distinct_pair,True,false_friend
Health_Alliance_Alpha,Public_Choice_Branch,0.0,0.293,keep_separate,do_not_merge,do_not_merge,correct_keep_separate,True,false_friend
Health_Alliance_Alpha,Public_Choice_Branches,0.0,0.279,keep_separate,do_not_merge,do_not_merge,correct_keep_separate,True,false_friend
Health_Alliance_Alpha,Civic_Forum_Alpha,0.2,0.368,keep_separate,do_not_merge,do_not_merge,correct_keep_separate,True,false_friend
Health_Alliance_Alpha,Civic_Forum_Beta,0.0,0.108,keep_separate,do_not_merge,do_not_merge,correct_keep_separate,True,false_friend
Health_Alliance_Alpha,Policy_Council_Branch,0.0,0.286,keep_separate,do_not_merge,do_not_merge,correct_keep_separate,True,false_friend
Health_Alliance_Alpha,Policy_Council_Branches,0.0,0.273,keep_separate,do_not_merge,do_not_merge,correct_keep_separate,True,false_friend
Health_Alliance_Alpha,Wellness_League_Alpha,0.2,0.429,keep_separate,do_not_merge,do_not_merge,correct_keep_separate,True,false_friend
Health_Alliance_Alpha,Wellness_League_Beta,0.0,0.244,keep_separate,do_not_merge,do_not_merge,correct_keep_separate,True,false_friend
Health_Alliance_Alpha,Reform_Circle_Branch,0.0,0.341,keep_separate,do_not_merge,do_not_merge,correct_keep_separate,True,false_friend
Health_Alliance_Alpha,Reform_Circle_Branches,0.0,0.326,keep_separate,do_not_merge,do_not_merge,correct_keep_separate,True,false_friend
Health_Alliance_Alpha,Liberty_Board_Alpha,0.2,0.45,keep_separate,do_not_merge,do_not_merge,correct_keep_separate,True,false_friend
Health_Alliance_Alpha,Liberty_Board_Beta,0.0,0.256,keep_separate,do_not_merge,do_not_merge,correct_keep_separate,True,false_friend
Health_Alliance_Alpha,Standards_Coalition_Branch,0.0,0.34,keep_separate,do_not_merge,do_not_merge,correct_keep_separate,True,false_friend
Health_Alliance_Alpha,Standards_Coalition_Branches,0.0,0.327,keep_separate,do_not_merge,do_not_merge,correct_keep_separate,True,false_friend
Health_Alliance_Alpha,Data_Institute_Alpha,0.2,0.585,keep_separate,do_not_merge,do_not_merge,correct_keep_separate,True,false_friend
Health_Alliance_Alpha,Data_Institute_Beta,0.0,0.4,keep_separate,do_not_merge,do_not_merge,correct_keep_separate,True,false_friend
Health_Alliance_Alpha,Citizen_Trust_Branch,0.0,0.341,keep_separate,do_not_merge,do_not_merge,correct_keep_separate,True,false_friend
Health_Alliance_Alpha,Citizen_Trust_Branches,0.0,0.326,keep_separate,do_not_merge,do_not_merge,correct_keep_separate,True,false_friend
Health_Alliance_Alpha,Research_Society_Gamma,0.0,0.279,keep_separate,do_not_merge,do_not_merge,correct_keep_separate,True,false_friend
Health_Alliance_Alpha,Research_Society_Gamma_Group,0.0,0.327,keep_separate,do_not_merge,do_not_merge,correct_keep_separate,True,false_friend
Health_Alliance_Alpha,Gamma_Research_Network,0.0,0.279,keep_separate,do_not_merge,do_not_merge,correct_keep_separate,True,false_friend
Health_Alliance_Alpha,Market_Union_Delta,0.0,0.205,keep_separate,do_not_merge,do_not_merge,correct_keep_separate,True,false_friend
Health_Alliance_Alpha,Market_Union_Delta_Group,0.0,0.222,keep_separate,do_not_merge,do_not_merge,correct_keep_separate,True,false_friend
Health_Alliance_Alpha,Consumer_Partnership_Sigma,0.0,0.085,keep_separate,do_not_merge,do_not_merge,correct_keep_separate,True,false_friend
Health_Alliance_Alpha,Consumer_Partnership_Sigma_Group,0.0,0.151,keep_separate,do_not_merge,do_not_merge,correct_keep_separate,True,false_friend
Health_Alliance_Alpha,Global_Assembly_Omega,0.0,0.286,keep_separate,do_not_merge,do_not_merge,correct_keep_separate,True,false_friend
Health_Alliance_Alpha,Global_Assembly_Omega_Group,0.0,0.333,keep_separate,do_not_merge,do_not_merge,correct_keep_separate,True,false_friend
Health_Alliance_Alpha,Regional_Foundation_Theta,0.0,0.13,keep_separate,do_not_merge,do_not_merge,correct_keep_separate,True,false_friend
Health_Alliance_Alpha,Regional_Foundation_Theta_Group,0.0,0.192,keep_separate,do_not_merge,do_not_merge,correct_keep_separate,True,false_friend
Health_Alliance_Alpha,National_Choice_Lambda,0.0,0.419,keep_separate,do_not_merge,do_not_merge,correct_keep_separate,True,false_friend
Health_Alliance_Alpha,National_Choice_Lambda_Group,0.0,0.367,keep_separate,do_not_merge,do_not_merge,correct_keep_separate,True,false_friend
Health_Alliance_Beta,Public_Choice_Branch,0.0,0.35,keep_separate,do_not_merge,do_not_merge,correct_keep_separate,True,false_friend
Health_Alliance_Beta,Public_Choice_Branches,0.0,0.333,keep_separate,do_not_merge,do_not_merge,correct_keep_separate,True,false_friend
Health_Alliance_Beta,Civic_Forum_Alpha,0.0,0.216,keep_separate,do_not_merge,do_not_merge,correct_keep_separate,True,false_friend
Health_Alliance_Beta,Civic_Forum_Beta,0.2,0.333,keep_separate,do_not_merge,do_not_merge,correct_keep_separate,True,false_friend
Health_Alliance_Beta,Policy_Council_Branch,0.0,0.244,keep_separate,do_not_merge,do_not_merge,correct_keep_separate,True,false_friend
Health_Alliance_Beta,Policy_Council_Branches,0.0,0.279,keep_separate,do_not_merge,do_not_merge,correct_keep_separate,True,false_friend
Health_Alliance_Beta,Wellness_League_Alpha,0.0,0.293,keep_separate,do_not_merge,do_not_merge,correct_keep_separate,True,false_friend
Health_Alliance_Beta,Wellness_League_Beta,0.2,0.4,keep_separate,do_not_merge,do_not_merge,correct_keep_separate,True,false_friend
Health_Alliance_Beta,Reform_Circle_Branch,0.0,0.3,keep_separate,do_not_merge,do_not_merge,correct_keep_separate,True,false_friend
Health_Alliance_Beta,Reform_Circle_Branches,0.0,0.333,keep_separate,do_not_merge,do_not_merge,correct_keep_separate,True,false_friend
Health_Alliance_Beta,Liberty_Board_Alpha,0.0,0.308,keep_separate,do_not_merge,do_not_merge,correct_keep_separate,True,false_friend
Health_Alliance_Beta,Liberty_Board_Beta,0.2,0.421,keep_separate,do_not_merge,do_not_merge,correct_keep_separate,True,false_friend
Health_Alliance_Beta,Standards_Coalition_Branch,0.0,0.304,keep_separate,do_not_merge,do_not_merge,correct_keep_separate,True,false_friend
Health_Alliance_Beta,Standards_Coalition_Branches,0.0,0.333,keep_separate,do_not_merge,do_not_merge,correct_keep_separate,True,false_friend
Health_Alliance_Beta,Data_Institute_Alpha,0.0,0.25,keep_separate,do_not_merge,do_not_merge,correct_keep_separate,True,false_friend
Health_Alliance_Beta,Data_Institute_Beta,0.2,0.564,keep_separate,do_not_merge,do_not_merge,correct_keep_separate,True,false_friend
Health_Alliance_Beta,Citizen_Trust_Branch,0.0,0.3,keep_separate,do_not_merge,do_not_merge,correct_keep_separate,True,false_friend
Health_Alliance_Beta,Citizen_Trust_Branches,0.0,0.333,keep_separate,do_not_merge,do_not_merge,correct_keep_separate,True,false_friend
Health_Alliance_Beta,Research_Society_Gamma,0.0,0.381,keep_separate,do_not_merge,do_not_merge,correct_keep_separate,True,false_friend
Health_Alliance_Beta,Research_Society_Gamma_Group,0.0,0.333,keep_separate,do_not_merge,do_not_merge,correct_keep_separate,True,false_friend
Health_Alliance_Beta,Gamma_Research_Network,0.0,0.333,keep_separate,do_not_merge,do_not_merge,correct_keep_separate,True,false_friend
Health_Alliance_Beta,Market_Union_Delta,0.0,0.211,keep_separate,do_not_merge,do_not_merge,correct_keep_separate,True,false_friend
Health_Alliance_Beta,Market_Union_Delta_Group,0.0,0.182,keep_separate,do_not_merge,do_not_merge,correct_keep_separate,True,false_friend
Health_Alliance_Beta,Consumer_Partnership_Sigma,0.0,0.087,keep_separate,do_not_merge,do_not_merge,correct_keep_separate,True,false_friend
Health_Alliance_Beta,Consumer_Partnership_Sigma_Group,0.0,0.115,keep_separate,do_not_merge,do_not_merge,correct_keep_separate,True,false_friend
Health_Alliance_Beta,Global_Assembly_Omega,0.0,0.293,keep_separate,do_not_merge,do_not_merge,correct_keep_separate,True,false_friend
Health_Alliance_Beta,Global_Assembly_Omega_Group,0.0,0.298,keep_separate,do_not_merge,do_not_merge,correct_keep_separate,True,false_friend
Health_Alliance_Beta,Regional_Foundation_Theta,0.0,0.356,keep_separate,do_not_merge,do_not_merge,correct_keep_separate,True,false_friend
Health_Alliance_Beta,Regional_Foundation_Theta_Group,0.0,0.314,keep_separate,do_not_merge,do_not_merge,correct_keep_separate,True,false_friend
Health_Alliance_Beta,National_Choice_Lambda,0.0,0.429,keep_separate,do_not_merge,do_not_merge,correct_keep_separate,True,false_friend
Health_Alliance_Beta,National_Choice_Lambda_Group,0.0,0.375,keep_separate,do_not_merge,do_not_merge,correct_keep_separate,True,false_friend
Public_Choice_Branch,Public_Choice_Branches,0.5,0.952,refer_to_human,do_not_merge,do_not_merge,referred_distinct_pair,True,false_friend
Public_Choice_Branch,Civic_Forum_Alpha,0.0,0.27,keep_separate,do_not_merge,do_not_merge,correct_keep_separate,True,false_friend
Public_Choice_Branch,Civic_Forum_Beta,0.0,0.389,keep_separate,do_not_merge,do_not_merge,correct_keep_separate,True,false_friend
Public_Choice_Branch,Policy_Council_Branch,0.2,0.732,keep_separate,do_not_merge,do_not_merge,correct_keep_separate,True,false_friend
Public_Choice_Branch,Policy_Council_Branches,0.0,0.698,keep_separate,do_not_merge,do_not_merge,correct_keep_separate,True,false_friend
Public_Choice_Branch,Wellness_League_Alpha,0.0,0.244,keep_separate,do_not_merge,do_not_merge,correct_keep_separate,True,false_friend
Public_Choice_Branch,Wellness_League_Beta,0.0,0.25,keep_separate,do_not_merge,do_not_merge,correct_keep_separate,True,false_friend
Public_Choice_Branch,Reform_Circle_Branch,0.2,0.6,keep_separate,do_not_merge,do_not_merge,correct_keep_separate,True,false_friend
Public_Choice_Branch,Reform_Circle_Branches,0.0,0.571,keep_separate,do_not_merge,do_not_merge,correct_keep_separate,True,false_friend
Public_Choice_Branch,Liberty_Board_Alpha,0.0,0.41,keep_separate,do_not_merge,do_not_merge,correct_keep_separate,True,false_friend
Public_Choice_Branch,Liberty_Board_Beta,0.0,0.368,keep_separate,do_not_merge,do_not_merge,correct_keep_separate,True,false_friend
Public_Choice_Branch,Standards_Coalition_Branch,0.2,0.435,keep_separate,do_not_merge,do_not_merge,correct_keep_separate,True,false_friend
Public_Choice_Branch,Standards_Coalition_Branches,0.0,0.417,keep_separate,do_not_merge,do_not_merge,correct_keep_separate,True,false_friend
Public_Choice_Branch,Data_Institute_Alpha,0.0,0.25,keep_separate,do_not_merge,do_not_merge,correct_keep_separate,True,false_friend
Public_Choice_Branch,Data_Institute_Beta,0.0,0.256,keep_separate,do_not_merge,do_not_merge,correct_keep_separate,True,false_friend
Public_Choice_Branch,Citizen_Trust_Branch,0.2,0.4,keep_separate,do_not_merge,do_not_merge,correct_keep_separate,True,false_friend
Public_Choice_Branch,Citizen_Trust_Branches,0.0,0.381,keep_separate,do_not_merge,do_not_merge,correct_keep_separate,True,false_friend
Public_Choice_Branch,Research_Society_Gamma,0.0,0.333,keep_separate,do_not_merge,do_not_merge,correct_keep_separate,True,false_friend
Public_Choice_Branch,Research_Society_Gamma_Group,0.0,0.292,keep_separate,do_not_merge,do_not_merge,correct_keep_separate,True,false_friend
Public_Choice_Branch,Gamma_Research_Network,0.0,0.238,keep_separate,do_not_merge,do_not_merge,correct_keep_separate,True,false_friend
Public_Choice_Branch,Market_Union_Delta,0.0,0.158,keep_separate,do_not_merge,do_not_merge,correct_keep_separate,True,false_friend
Public_Choice_Branch,Market_Union_Delta_Group,0.0,0.045,keep_separate,do_not_merge,do_not_merge,correct_keep_separate,True,false_friend
Public_Choice_Branch,Consumer_Partnership_Sigma,0.0,0.217,keep_separate,do_not_merge,do_not_merge,correct_keep_separate,True,false_friend
Public_Choice_Branch,Consumer_Partnership_Sigma_Group,0.0,0.077,keep_separate,do_not_merge,do_not_merge,correct_keep_separate,True,false_friend
Public_Choice_Branch,Global_Assembly_Omega,0.0,0.293,keep_separate,do_not_merge,do_not_merge,correct_keep_separate,True,false_friend
Public_Choice_Branch,Global_Assembly_Omega_Group,0.0,0.298,keep_separate,do_not_merge,do_not_merge,correct_keep_separate,True,false_friend
Public_Choice_Branch,Regional_Foundation_Theta,0.0,0.267,keep_separate,do_not_merge,do_not_merge,correct_keep_separate,True,false_friend
Public_Choice_Branch,Regional_Foundation_Theta_Group,0.0,0.039,keep_separate,do_not_merge,do_not_merge,correct_keep_separate,True,false_friend
Public_Choice_Branch,National_Choice_Lambda,0.2,0.524,keep_separate,do_not_merge,do_not_merge,correct_keep_separate,True,false_friend
Public_Choice_Branch,National_Choice_Lambda_Group,0.167,0.458,keep_separate,do_not_merge,do_not_merge,correct_keep_separate,True,false_friend
Public_Choice_Branches,Civic_Forum_Alpha,0.0,0.256,keep_separate,do_not_merge,do_not_merge,correct_keep_separate,True,false_friend
Public_Choice_Branches,Civic_Forum_Beta,0.0,0.368,keep_separate,do_not_merge,do_not_merge,correct_keep_separate,True,false_friend
Public_Choice_Branches,Policy_Council_Branch,0.0,0.698,keep_separate,do_not_merge,do_not_merge,correct_keep_separate,True,false_friend
Public_Choice_Branches,Policy_Council_Branches,0.2,0.756,keep_separate,do_not_merge,do_not_merge,correct_keep_separate,True,false_friend
Public_Choice_Branches,Wellness_League_Alpha,0.0,0.233,keep_separate,do_not_merge,do_not_merge,correct_keep_separate,True,false_friend
Public_Choice_Branches,Wellness_League_Beta,0.0,0.238,keep_separate,do_not_merge,do_not_merge,correct_keep_separate,True,false_friend
Public_Choice_Branches,Reform_Circle_Branch,0.0,0.571,keep_separate,do_not_merge,do_not_merge,correct_keep_separate,True,false_friend
Public_Choice_Branches,Reform_Circle_Branches,0.2,0.636,keep_separate,do_not_merge,do_not_merge,correct_keep_separate,True,false_friend
Public_Choice_Branches,Liberty_Board_Alpha,0.0,0.39,keep_separate,do_not_merge,do_not_merge,correct_keep_separate,True,false_friend
Public_Choice_Branches,Liberty_Board_Beta,0.0,0.35,keep_separate,do_not_merge,do_not_merge,correct_keep_separate,True,false_friend
Public_Choice_Branches,Standards_Coalition_Branch,0.0,0.417,keep_separate,do_not_merge,do_not_merge,correct_keep_separate,True,false_friend
Public_Choice_Branches,Standards_Coalition_Branches,0.2,0.48,keep_separate,do_not_merge,do_not_merge,correct_keep_separate,True,false_friend
Public_Choice_Branches,Data_Institute_Alpha,0.0,0.238,keep_separate,do_not_merge,do_not_merge,correct_keep_separate,True,false_friend
Public_Choice_Branches,Data_Institute_Beta,0.0,0.244,keep_separate,do_not_merge,do_not_merge,correct_keep_separate,True,false_friend
Public_Choice_Branches,Citizen_Trust_Branch,0.0,0.381,keep_separate,do_not_merge,do_not_merge,correct_keep_separate,True,false_friend
Public_Choice_Branches,Citizen_Trust_Branches,0.2,0.455,keep_separate,do_not_merge,do_not_merge,correct_keep_separate,True,false_friend
Public_Choice_Branches,Research_Society_Gamma,0.0,0.318,keep_separate,do_not_merge,do_not_merge,correct_keep_separate,True,false_friend
Public_Choice_Branches,Research_Society_Gamma_Group,0.0,0.28,keep_separate,do_not_merge,do_not_merge,correct_keep_separate,True,false_friend
Public_Choice_Branches,Gamma_Research_Network,0.0,0.227,keep_separate,do_not_merge,do_not_merge,correct_keep_separate,True,false_friend
Public_Choice_Branches,Market_Union_Delta,0.0,0.15,keep_separate,do_not_merge,do_not_merge,correct_keep_separate,True,false_friend
Public_Choice_Branches,Market_Union_Delta_Group,0.0,0.043,keep_separate,do_not_merge,do_not_merge,correct_keep_separate,True,false_friend
Public_Choice_Branches,Consumer_Partnership_Sigma,0.0,0.208,keep_separate,do_not_merge,do_not_merge,correct_keep_separate,True,false_friend
Public_Choice_Branches,Consumer_Partnership_Sigma_Group,0.0,0.074,keep_separate,do_not_merge,do_not_merge,correct_keep_separate,True,false_friend
Public_Choice_Branches,Global_Assembly_Omega,0.0,0.279,keep_separate,do_not_merge,do_not_merge,correct_keep_separate,True,false_friend
Public_Choice_Branches,Global_Assembly_Omega_Group,0.0,0.286,keep_separate,do_not_merge,do_not_merge,correct_keep_separate,True,false_friend
Public_Choice_Branches,Regional_Foundation_Theta,0.0,0.213,keep_separate,do_not_merge,do_not_merge,correct_keep_separate,True,false_friend
Public_Choice_Branches,Regional_Foundation_Theta_Group,0.0,0.189,keep_separate,do_not_merge,do_not_merge,correct_keep_separate,True,false_friend
Public_Choice_Branches,National_Choice_Lambda,0.2,0.5,keep_separate,do_not_merge,do_not_merge,correct_keep_separate,True,false_friend
Public_Choice_Branches,National_Choice_Lambda_Group,0.167,0.44,keep_separate,do_not_merge,do_not_merge,correct_keep_separate,True,false_friend
Civic_Forum_Alpha,Civic_Forum_Beta,0.5,0.788,refer_to_human,do_not_merge,do_not_merge,referred_distinct_pair,True,false_friend
Civic_Forum_Alpha,Policy_Council_Branch,0.0,0.211,keep_separate,do_not_merge,do_not_merge,correct_keep_separate,True,false_friend
Civic_Forum_Alpha,Policy_Council_Branches,0.0,0.2,keep_separate,do_not_merge,do_not_merge,correct_keep_separate,True,false_friend
Civic_Forum_Alpha,Wellness_League_Alpha,0.2,0.421,keep_separate,do_not_merge,do_not_merge,correct_keep_separate,True,false_friend
Civic_Forum_Alpha,Wellness_League_Beta,0.0,0.216,keep_separate,do_not_merge,do_not_merge,correct_keep_separate,True,false_friend
Civic_Forum_Alpha,Reform_Circle_Branch,0.0,0.378,keep_separate,do_not_merge,do_not_merge,correct_keep_separate,True,false_friend
Civic_Forum_Alpha,Reform_Circle_Branches,0.0,0.359,keep_separate,do_not_merge,do_not_merge,correct_keep_separate,True,false_friend
Civic_Forum_Alpha,Liberty_Board_Alpha,0.2,0.556,keep_separate,do_not_merge,do_not_merge,correct_keep_separate,True,false_friend
Civic_Forum_Alpha,Liberty_Board_Beta,0.0,0.343,keep_separate,do_not_merge,do_not_merge,correct_keep_separate,True,false_friend
Civic_Forum_Alpha,Standards_Coalition_Branch,0.0,0.233,keep_separate,do_not_merge,do_not_merge,correct_keep_separate,True,false_friend
Civic_Forum_Alpha,Standards_Coalition_Branches,0.0,0.222,keep_separate,do_not_merge,do_not_merge,correct_keep_separate,True,false_friend
Civic_Forum_Alpha,Data_Institute_Alpha,0.2,0.486,keep_separate,do_not_merge,do_not_merge,correct_keep_separate,True,false_friend
Civic_Forum_Alpha,Data_Institute_Beta,0.0,0.222,keep_separate,do_not_merge,do_not_merge,correct_keep_separate,True,false_friend
Civic_Forum_Alpha,Citizen_Trust_Branch,0.0,0.486,keep_separate,do_not_merge,do_not_merge,correct_keep_separate,True,false_friend
Civic_Forum_Alpha,Citizen_Trust_Branches,0.0,0.462,keep_separate,do_not_merge,do_not_merge,correct_keep_separate,True,false_friend
Civic_Forum_Alpha,Research_Society_Gamma,0.0,0.256,keep_separate,do_not_merge,do_not_merge,correct_keep_separate,True,false_friend
Civic_Forum_Alpha,Research_Society_Gamma_Group,0.0,0.267,keep_separate,do_not_merge,do_not_merge,correct_keep_separate,True,false_friend
Civic_Forum_Alpha,Gamma_Research_Network,0.0,0.205,keep_separate,do_not_merge,do_not_merge,correct_keep_separate,True,false_friend
Civic_Forum_Alpha,Market_Union_Delta,0.0,0.171,keep_separate,do_not_merge,do_not_merge,correct_keep_separate,True,false_friend
Civic_Forum_Alpha,Market_Union_Delta_Group,0.0,0.244,keep_separate,do_not_merge,do_not_merge,correct_keep_separate,True,false_friend
Civic_Forum_Alpha,Consumer_Partnership_Sigma,0.0,0.372,keep_separate,do_not_merge,do_not_merge,correct_keep_separate,True,false_friend
Civic_Forum_Alpha,Consumer_Partnership_Sigma_Group,0.0,0.327,keep_separate,do_not_merge,do_not_merge,correct_keep_separate,True,false_friend
Civic_Forum_Alpha,Global_Assembly_Omega,0.0,0.263,keep_separate,do_not_merge,do_not_merge,correct_keep_separate,True,false_friend
Civic_Forum_Alpha,Global_Assembly_Omega_Group,0.0,0.227,keep_separate,do_not_merge,do_not_merge,correct_keep_separate,True,false_friend
Civic_Forum_Alpha,Regional_Foundation_Theta,0.0,0.333,keep_separate,do_not_merge,do_not_merge,correct_keep_separate,True,false_friend
Civic_Forum_Alpha,Regional_Foundation_Theta_Group,0.0,0.292,keep_separate,do_not_merge,do_not_merge,correct_keep_separate,True,false_friend
Civic_Forum_Alpha,National_Choice_Lambda,0.0,0.308,keep_separate,do_not_merge,do_not_merge,correct_keep_separate,True,false_friend
Civic_Forum_Alpha,National_Choice_Lambda_Group,0.0,0.311,keep_separate,do_not_merge,do_not_merge,correct_keep_separate,True,false_friend
Civic_Forum_Beta,Policy_Council_Branch,0.0,0.27,keep_separate,do_not_merge,do_not_merge,correct_keep_separate,True,false_friend
Civic_Forum_Beta,Policy_Council_Branches,0.0,0.256,keep_separate,do_not_merge,do_not_merge,correct_keep_separate,True,false_friend
Civic_Forum_Beta,Wellness_League_Alpha,0.0,0.216,keep_separate,do_not_merge,do_not_merge,correct_keep_separate,True,false_friend
Civic_Forum_Beta,Wellness_League_Beta,0.2,0.389,keep_separate,do_not_merge,do_not_merge,correct_keep_separate,True,false_friend
Civic_Forum_Beta,Reform_Circle_Branch,0.0,0.389,keep_separate,do_not_merge,do_not_merge,correct_keep_separate,True,false_friend
Civic_Forum_Beta,Reform_Circle_Branches,0.0,0.368,keep_separate,do_not_merge,do_not_merge,correct_keep_separate,True,false_friend
Civic_Forum_Beta,Liberty_Board_Alpha,0.0,0.286,keep_separate,do_not_merge,do_not_merge,correct_keep_separate,True,false_friend
Civic_Forum_Beta,Liberty_Board_Beta,0.2,0.529,keep_separate,do_not_merge,do_not_merge,correct_keep_separate,True,false_friend
Civic_Forum_Beta,Standards_Coalition_Branch,0.0,0.333,keep_separate,do_not_merge,do_not_merge,correct_keep_separate,True,false_friend
Civic_Forum_Beta,Standards_Coalition_Branches,0.0,0.318,keep_separate,do_not_merge,do_not_merge,correct_keep_separate,True,false_friend
Civic_Forum_Beta,Data_Institute_Alpha,0.0,0.111,keep_separate,do_not_merge,do_not_merge,correct_keep_separate,True,false_friend
Civic_Forum_Beta,Data_Institute_Beta,0.2,0.457,keep_separate,do_not_merge,do_not_merge,correct_keep_separate,True,false_friend
Civic_Forum_Beta,Citizen_Trust_Branch,0.0,0.5,keep_separate,do_not_merge,do_not_merge,correct_keep_separate,True,false_friend
Civic_Forum_Beta,Citizen_Trust_Branches,0.0,0.474,keep_separate,do_not_merge,do_not_merge,correct_keep_separate,True,false_friend
Civic_Forum_Beta,Research_Society_Gamma,0.0,0.263,keep_separate,do_not_merge,do_not_merge,correct_keep_separate,True,false_friend
Civic_Forum_Beta,Research_Society_Gamma_Group,0.0,0.227,keep_separate,do_not_merge,do_not_merge,correct_keep_separate,True,false_friend
Civic_Forum_Beta,Gamma_Research_Network,0.0,0.211,keep_separate,do_not_merge,do_not_merge,correct_keep_separate,True,false_friend
Civic_Forum_Beta,Market_Union_Delta,0.0,0.235,keep_separate,do_not_merge,do_not_merge,correct_keep_separate,True,false_friend
Civic_Forum_Beta,Market_Union_Delta_Group,0.0,0.2,keep_separate,do_not_merge,do_not_merge,correct_keep_separate,True,false_friend
Civic_Forum_Beta,Consumer_Partnership_Sigma,0.0,0.333,keep_separate,do_not_merge,do_not_merge,correct_keep_separate,True,false_friend
Civic_Forum_Beta,Consumer_Partnership_Sigma_Group,0.0,0.292,keep_separate,do_not_merge,do_not_merge,correct_keep_separate,True,false_friend
Civic_Forum_Beta,Global_Assembly_Omega,0.0,0.27,keep_separate,do_not_merge,do_not_merge,correct_keep_separate,True,false_friend
Civic_Forum_Beta,Global_Assembly_Omega_Group,0.0,0.186,keep_separate,do_not_merge,do_not_merge,correct_keep_separate,True,false_friend
Civic_Forum_Beta,Regional_Foundation_Theta,0.0,0.439,keep_separate,do_not_merge,do_not_merge,correct_keep_separate,True,false_friend
Civic_Forum_Beta,Regional_Foundation_Theta_Group,0.0,0.383,keep_separate,do_not_merge,do_not_merge,correct_keep_separate,True,false_friend
Civic_Forum_Beta,National_Choice_Lambda,0.0,0.368,keep_separate,do_not_merge,do_not_merge,correct_keep_separate,True,false_friend
Civic_Forum_Beta,National_Choice_Lambda_Group,0.0,0.273,keep_separate,do_not_merge,do_not_merge,correct_keep_separate,True,false_friend
Policy_Council_Branch,Policy_Council_Branches,0.5,0.955,refer_to_human,do_not_merge,do_not_merge,referred_distinct_pair,True,false_friend
Policy_Council_Branch,Wellness_League_Alpha,0.0,0.095,keep_separate,do_not_merge,do_not_merge,correct_keep_separate,True,false_friend
Policy_Council_Branch,Wellness_League_Beta,0.0,0.293,keep_separate,do_not_merge,do_not_merge,correct_keep_separate,True,false_friend
Policy_Council_Branch,Reform_Circle_Branch,0.2,0.585,keep_separate,do_not_merge,do_not_merge,correct_keep_separate,True,false_friend
Policy_Council_Branch,Reform_Circle_Branches,0.0,0.558,keep_separate,do_not_merge,do_not_merge,correct_keep_separate,True,false_friend
Policy_Council_Branch,Liberty_Board_Alpha,0.0,0.35,keep_separate,do_not_merge,do_not_merge,correct_keep_separate,True,false_friend
Policy_Council_Branch,Liberty_Board_Beta,0.0,0.41,keep_separate,do_not_merge,do_not_merge,correct_keep_separate,True,false_friend
Policy_Council_Branch,Standards_Coalition_Branch,0.2,0.468,keep_separate,do_not_merge,do_not_merge,correct_keep_separate,True,false_friend
Policy_Council_Branch,Standards_Coalition_Branches,0.0,0.449,keep_separate,do_not_merge,do_not_merge,correct_keep_separate,True,false_friend
Policy_Council_Branch,Data_Institute_Alpha,0.0,0.098,keep_separate,do_not_merge,do_not_merge,correct_keep_separate,True,false_friend
Policy_Council_Branch,Data_Institute_Beta,0.0,0.25,keep_separate,do_not_merge,do_not_merge,correct_keep_separate,True,false_friend
Policy_Council_Branch,Citizen_Trust_Branch,0.2,0.439,keep_separate,do_not_merge,do_not_merge,correct_keep_separate,True,false_friend
Policy_Council_Branch,Citizen_Trust_Branches,0.0,0.419,keep_separate,do_not_merge,do_not_merge,correct_keep_separate,True,false_friend
Policy_Council_Branch,Research_Society_Gamma,0.0,0.233,keep_separate,do_not_merge,do_not_merge,correct_keep_separate,True,false_friend
Policy_Council_Branch,Research_Society_Gamma_Group,0.0,0.245,keep_separate,do_not_merge,do_not_merge,correct_keep_separate,True,false_friend
Policy_Council_Branch,Gamma_Research_Network,0.0,0.233,keep_separate,do_not_merge,do_not_merge,correct_keep_separate,True,false_friend
Policy_Council_Branch,Market_Union_Delta,0.0,0.308,keep_separate,do_not_merge,do_not_merge,correct_keep_separate,True,false_friend
Policy_Council_Branch,Market_Union_Delta_Group,0.0,0.222,keep_separate,do_not_merge,do_not_merge,correct_keep_separate,True,false_friend
Policy_Council_Branch,Consumer_Partnership_Sigma,0.0,0.298,keep_separate,do_not_merge,do_not_merge,correct_keep_separate,True,false_friend
Policy_Council_Branch,Consumer_Partnership_Sigma_Group,0.0,0.264,keep_separate,do_not_merge,do_not_merge,correct_keep_separate,True,false_friend
Policy_Council_Branch,Global_Assembly_Omega,0.0,0.286,keep_separate,do_not_merge,do_not_merge,correct_keep_separate,True,false_friend
Policy_Council_Branch,Global_Assembly_Omega_Group,0.0,0.25,keep_separate,do_not_merge,do_not_merge,correct_keep_separate,True,false_friend
Policy_Council_Branch,Regional_Foundation_Theta,0.0,0.391,keep_separate,do_not_merge,do_not_merge,correct_keep_separate,True,false_friend
Policy_Council_Branch,Regional_Foundation_Theta_Group,0.0,0.346,keep_separate,do_not_merge,do_not_merge,correct_keep_separate,True,false_friend
Policy_Council_Branch,National_Choice_Lambda,0.0,0.372,keep_separate,do_not_merge,do_not_merge,correct_keep_separate,True,false_friend
Policy_Council_Branch,National_Choice_Lambda_Group,0.0,0.286,keep_separate,do_not_merge,do_not_merge,correct_keep_separate,True,false_friend
Policy_Council_Branches,Wellness_League_Alpha,0.0,0.182,keep_separate,do_not_merge,do_not_merge,correct_keep_separate,True,false_friend
Policy_Council_Branches,Wellness_League_Beta,0.0,0.279,keep_separate,do_not_merge,do_not_merge,correct_keep_separate,True,false_friend
Policy_Council_Branches,Reform_Circle_Branch,0.0,0.558,keep_separate,do_not_merge,do_not_merge,correct_keep_separate,True,false_friend
Policy_Council_Branches,Reform_Circle_Branches,0.2,0.622,keep_separate,do_not_merge,do_not_merge,correct_keep_separate,True,false_friend
Policy_Council_Branches,Liberty_Board_Alpha,0.0,0.333,keep_separate,do_not_merge,do_not_merge,correct_keep_separate,True,false_friend
Policy_Council_Branches,Liberty_Board_Beta,0.0,0.39,keep_separate,do_not_merge,do_not_merge,correct_keep_separate,True,false_friend
Policy_Council_Branches,Standards_Coalition_Branch,0.0,0.449,keep_separate,do_not_merge,do_not_merge,correct_keep_separate,True,false_friend
Policy_Council_Branches,Standards_Coalition_Branches,0.2,0.51,keep_separate,do_not_merge,do_not_merge,correct_keep_separate,True,false_friend
Policy_Council_Branches,Data_Institute_Alpha,0.0,0.093,keep_separate,do_not_merge,do_not_merge,correct_keep_separate,True,false_friend
Policy_Council_Branches,Data_Institute_Beta,0.0,0.238,keep_separate,do_not_merge,do_not_merge,correct_keep_separate,True,false_friend
Policy_Council_Branches,Citizen_Trust_Branch,0.0,0.419,keep_separate,do_not_merge,do_not_merge,correct_keep_separate,True,false_friend
Policy_Council_Branches,Citizen_Trust_Branches,0.2,0.489,keep_separate,do_not_merge,do_not_merge,correct_keep_separate,True,false_friend
Policy_Council_Branches,Research_Society_Gamma,0.0,0.222,keep_separate,do_not_merge,do_not_merge,correct_keep_separate,True,false_friend
Policy_Council_Branches,Research_Society_Gamma_Group,0.0,0.235,keep_separate,do_not_merge,do_not_merge,correct_keep_separate,True,false_friend
Policy_Council_Branches,Gamma_Research_Network,0.0,0.267,keep_separate,do_not_merge,do_not_merge,correct_keep_separate,True,false_friend
Policy_Council_Branches,Market_Union_Delta,0.0,0.293,keep_separate,do_not_merge,do_not_merge,correct_keep_separate,True,false_friend
Policy_Council_Branches,Market_Union_Delta_Group,0.0,0.213,keep_separate,do_not_merge,do_not_merge,correct_keep_separate,True,false_friend
Policy_Council_Branches,Consumer_Partnership_Sigma,0.0,0.286,keep_separate,do_not_merge,do_not_merge,correct_keep_separate,True,false_friend
Policy_Council_Branches,Consumer_Partnership_Sigma_Group,0.0,0.255,keep_separate,do_not_merge,do_not_merge,correct_keep_separate,True,false_friend
Policy_Council_Branches,Global_Assembly_Omega,0.0,0.273,keep_separate,do_not_merge,do_not_merge,correct_keep_separate,True,false_friend
Policy_Council_Branches,Global_Assembly_Omega_Group,0.0,0.24,keep_separate,do_not_merge,do_not_merge,correct_keep_separate,True,false_friend
Policy_Council_Branches,Regional_Foundation_Theta,0.0,0.417,keep_separate,do_not_merge,do_not_merge,correct_keep_separate,True,false_friend
Policy_Council_Branches,Regional_Foundation_Theta_Group,0.0,0.37,keep_separate,do_not_merge,do_not_merge,correct_keep_separate,True,false_friend
Policy_Council_Branches,National_Choice_Lambda,0.0,0.356,keep_separate,do_not_merge,do_not_merge,correct_keep_separate,True,false_friend
Policy_Council_Branches,National_Choice_Lambda_Group,0.0,0.275,keep_separate,do_not_merge,do_not_merge,correct_keep_separate,True,false_friend
Wellness_League_Alpha,Wellness_League_Beta,0.5,0.829,refer_to_human,do_not_merge,do_not_merge,referred_distinct_pair,True,false_friend
Wellness_League_Alpha,Reform_Circle_Branch,0.0,0.293,keep_separate,do_not_merge,do_not_merge,correct_keep_separate,True,false_friend
Wellness_League_Alpha,Reform_Circle_Branches,0.0,0.233,keep_separate,do_not_merge,do_not_merge,correct_keep_separate,True,false_friend
Wellness_League_Alpha,Liberty_Board_Alpha,0.2,0.45,keep_separate,do_not_merge,do_not_merge,correct_keep_separate,True,false_friend
Wellness_League_Alpha,Liberty_Board_Beta,0.0,0.154,keep_separate,do_not_merge,do_not_merge,correct_keep_separate,True,false_friend
Wellness_League_Alpha,Standards_Coalition_Branch,0.0,0.255,keep_separate,do_not_merge,do_not_merge,correct_keep_separate,True,false_friend
Wellness_League_Alpha,Standards_Coalition_Branches,0.0,0.163,keep_separate,do_not_merge,do_not_merge,correct_keep_separate,True,false_friend
Wellness_League_Alpha,Data_Institute_Alpha,0.2,0.488,keep_separate,do_not_merge,do_not_merge,correct_keep_separate,True,false_friend
Wellness_League_Alpha,Data_Institute_Beta,0.0,0.3,keep_separate,do_not_merge,do_not_merge,correct_keep_separate,True,false_friend
Wellness_League_Alpha,Citizen_Trust_Branch,0.0,0.293,keep_separate,do_not_merge,do_not_merge,correct_keep_separate,True,false_friend
Wellness_League_Alpha,Citizen_Trust_Branches,0.0,0.186,keep_separate,do_not_merge,do_not_merge,correct_keep_separate,True,false_friend
Wellness_League_Alpha,Research_Society_Gamma,0.0,0.326,keep_separate,do_not_merge,do_not_merge,correct_keep_separate,True,false_friend
Wellness_League_Alpha,Research_Society_Gamma_Group,0.0,0.286,keep_separate,do_not_merge,do_not_merge,correct_keep_separate,True,false_friend
Wellness_League_Alpha,Gamma_Research_Network,0.0,0.14,keep_separate,do_not_merge,do_not_merge,correct_keep_separate,True,false_friend
Wellness_League_Alpha,Market_Union_Delta,0.0,0.154,keep_separate,do_not_merge,do_not_merge,correct_keep_separate,True,false_friend
Wellness_League_Alpha,Market_Union_Delta_Group,0.0,0.267,keep_separate,do_not_merge,do_not_merge,correct_keep_separate,True,false_friend
Wellness_League_Alpha,Consumer_Partnership_Sigma,0.0,0.255,keep_separate,do_not_merge,do_not_merge,correct_keep_separate,True,false_friend
Wellness_League_Alpha,Consumer_Partnership_Sigma_Group,0.0,0.34,keep_separate,do_not_merge,do_not_merge,correct_keep_separate,True,false_friend
Wellness_League_Alpha,Global_Assembly_Omega,0.0,0.333,keep_separate,do_not_merge,do_not_merge,correct_keep_separate,True,false_friend
Wellness_League_Alpha,Global_Assembly_Omega_Group,0.0,0.417,keep_separate,do_not_merge,do_not_merge,correct_keep_separate,True,false_friend
Wellness_League_Alpha,Regional_Foundation_Theta,0.0,0.261,keep_separate,do_not_merge,do_not_merge,correct_keep_separate,True,false_friend
Wellness_League_Alpha,Regional_Foundation_Theta_Group,0.0,0.192,keep_separate,do_not_merge,do_not_merge,correct_keep_separate,True,false_friend
Wellness_League_Alpha,National_Choice_Lambda,0.0,0.233,keep_separate,do_not_merge,do_not_merge,correct_keep_separate,True,false_friend
Wellness_League_Alpha,National_Choice_Lambda_Group,0.0,0.286,keep_separate,do_not_merge,do_not_merge,correct_keep_separate,True,false_friend
Wellness_League_Beta,Reform_Circle_Branch,0.0,0.3,keep_separate,do_not_merge,do_not_merge,correct_keep_separate,True,false_friend
Wellness_League_Beta,Reform_Circle_Branches,0.0,0.286,keep_separate,do_not_merge,do_not_merge,correct_keep_separate,True,false_friend
Wellness_League_Beta,Liberty_Board_Alpha,0.0,0.205,keep_separate,do_not_merge,do_not_merge,correct_keep_separate,True,false_friend
Wellness_League_Beta,Liberty_Board_Beta,0.2,0.421,keep_separate,do_not_merge,do_not_merge,correct_keep_separate,True,false_friend
Wellness_League_Beta,Standards_Coalition_Branch,0.0,0.304,keep_separate,do_not_merge,do_not_merge,correct_keep_separate,True,false_friend
Wellness_League_Beta,Standards_Coalition_Branches,0.0,0.167,keep_separate,do_not_merge,do_not_merge,correct_keep_separate,True,false_friend
Wellness_League_Beta,Data_Institute_Alpha,0.0,0.3,keep_separate,do_not_merge,do_not_merge,correct_keep_separate,True,false_friend
Wellness_League_Beta,Data_Institute_Beta,0.2,0.462,keep_separate,do_not_merge,do_not_merge,correct_keep_separate,True,false_friend
Wellness_League_Beta,Citizen_Trust_Branch,0.0,0.3,keep_separate,do_not_merge,do_not_merge,correct_keep_separate,True,false_friend
Wellness_League_Beta,Citizen_Trust_Branches,0.0,0.19,keep_separate,do_not_merge,do_not_merge,correct_keep_separate,True,false_friend
Wellness_League_Beta,Research_Society_Gamma,0.0,0.381,keep_separate,do_not_merge,do_not_merge,correct_keep_separate,True,false_friend
Wellness_League_Beta,Research_Society_Gamma_Group,0.0,0.333,keep_separate,do_not_merge,do_not_merge,correct_keep_separate,True,false_friend
Wellness_League_Beta,Gamma_Research_Network,0.0,0.19,keep_separate,do_not_merge,do_not_merge,correct_keep_separate,True,false_friend
Wellness_League_Beta,Market_Union_Delta,0.0,0.211,keep_separate,do_not_merge,do_not_merge,correct_keep_separate,True,false_friend
Wellness_League_Beta,Market_Union_Delta_Group,0.0,0.182,keep_separate,do_not_merge,do_not_merge,correct_keep_separate,True,false_friend
Wellness_League_Beta,Consumer_Partnership_Sigma,0.0,0.261,keep_separate,do_not_merge,do_not_merge,correct_keep_separate,True,false_friend
Wellness_League_Beta,Consumer_Partnership_Sigma_Group,0.0,0.308,keep_separate,do_not_merge,do_not_merge,correct_keep_separate,True,false_friend
Wellness_League_Beta,Global_Assembly_Omega,0.0,0.341,keep_separate,do_not_merge,do_not_merge,correct_keep_separate,True,false_friend
Wellness_League_Beta,Global_Assembly_Omega_Group,0.0,0.383,keep_separate,do_not_merge,do_not_merge,correct_keep_separate,True,false_friend
Wellness_League_Beta,Regional_Foundation_Theta,0.0,0.311,keep_separate,do_not_merge,do_not_merge,correct_keep_separate,True,false_friend
Wellness_League_Beta,Regional_Foundation_Theta_Group,0.0,0.275,keep_separate,do_not_merge,do_not_merge,correct_keep_separate,True,false_friend
Wellness_League_Beta,National_Choice_Lambda,0.0,0.286,keep_separate,do_not_merge,do_not_merge,correct_keep_separate,True,false_friend
Wellness_League_Beta,National_Choice_Lambda_Group,0.0,0.25,keep_separate,do_not_merge,do_not_merge,correct_keep_separate,True,false_friend
Reform_Circle_Branch,Reform_Circle_Branches,0.5,0.952,refer_to_human,do_not_merge,do_not_merge,referred_distinct_pair,True,false_friend
Reform_Circle_Branch,Liberty_Board_Alpha,0.0,0.308,keep_separate,do_not_merge,do_not_merge,correct_keep_separate,True,false_friend
Reform_Circle_Branch,Liberty_Board_Beta,0.0,0.263,keep_separate,do_not_merge,do_not_merge,correct_keep_separate,True,false_friend
Reform_Circle_Branch,Standards_Coalition_Branch,0.2,0.478,keep_separate,do_not_merge,do_not_merge,correct_keep_separate,True,false_friend
Reform_Circle_Branch,Standards_Coalition_Branches,0.0,0.458,keep_separate,do_not_merge,do_not_merge,correct_keep_separate,True,false_friend
Reform_Circle_Branch,Data_Institute_Alpha,0.0,0.3,keep_separate,do_not_merge,do_not_merge,correct_keep_separate,True,false_friend
Reform_Circle_Branch,Data_Institute_Beta,0.0,0.308,keep_separate,do_not_merge,do_not_merge,correct_keep_separate,True,false_friend
Reform_Circle_Branch,Citizen_Trust_Branch,0.2,0.5,keep_separate,do_not_merge,do_not_merge,correct_keep_separate,True,false_friend
Reform_Circle_Branch,Citizen_Trust_Branches,0.0,0.476,keep_separate,do_not_merge,do_not_merge,correct_keep_separate,True,false_friend
Reform_Circle_Branch,Research_Society_Gamma,0.0,0.381,keep_separate,do_not_merge,do_not_merge,correct_keep_separate,True,false_friend
Reform_Circle_Branch,Research_Society_Gamma_Group,0.0,0.25,keep_separate,do_not_merge,do_not_merge,correct_keep_separate,True,false_friend
Reform_Circle_Branch,Gamma_Research_Network,0.0,0.19,keep_separate,do_not_merge,do_not_merge,correct_keep_separate,True,false_friend
Reform_Circle_Branch,Market_Union_Delta,0.0,0.316,keep_separate,do_not_merge,do_not_merge,correct_keep_separate,True,false_friend
Reform_Circle_Branch,Market_Union_Delta_Group,0.0,0.182,keep_separate,do_not_merge,do_not_merge,correct_keep_separate,True,false_friend
Reform_Circle_Branch,Consumer_Partnership_Sigma,0.0,0.217,keep_separate,do_not_merge,do_not_merge,correct_keep_separate,True,false_friend
Reform_Circle_Branch,Consumer_Partnership_Sigma_Group,0.0,0.115,keep_separate,do_not_merge,do_not_merge,correct_keep_separate,True,false_friend
Reform_Circle_Branch,Global_Assembly_Omega,0.0,0.244,keep_separate,do_not_merge,do_not_merge,correct_keep_separate,True,false_friend
Reform_Circle_Branch,Global_Assembly_Omega_Group,0.0,0.085,keep_separate,do_not_merge,do_not_merge,correct_keep_separate,True,false_friend
Reform_Circle_Branch,Regional_Foundation_Theta,0.0,0.311,keep_separate,do_not_merge,do_not_merge,correct_keep_separate,True,false_friend
Reform_Circle_Branch,Regional_Foundation_Theta_Group,0.0,0.196,keep_separate,do_not_merge,do_not_merge,correct_keep_separate,True,false_friend
Reform_Circle_Branch,National_Choice_Lambda,0.0,0.429,keep_separate,do_not_merge,do_not_merge,correct_keep_separate,True,false_friend
Reform_Circle_Branch,National_Choice_Lambda_Group,0.0,0.375,keep_separate,do_not_merge,do_not_merge,correct_keep_separate,True,false_friend
Reform_Circle_Branches,Liberty_Board_Alpha,0.0,0.293,keep_separate,do_not_merge,do_not_merge,correct_keep_separate,True,false_friend
Reform_Circle_Branches,Liberty_Board_Beta,0.0,0.25,keep_separate,do_not_merge,do_not_merge,correct_keep_separate,True,false_friend
Reform_Circle_Branches,Standards_Coalition_Branch,0.0,0.458,keep_separate,do_not_merge,do_not_merge,correct_keep_separate,True,false_friend
Reform_Circle_Branches,Standards_Coalition_Branches,0.2,0.52,keep_separate,do_not_merge,do_not_merge,correct_keep_separate,True,false_friend
Reform_Circle_Branches,Data_Institute_Alpha,0.0,0.286,keep_separate,do_not_merge,do_not_merge,correct_keep_separate,True,false_friend
Reform_Circle_Branches,Data_Institute_Beta,0.0,0.293,keep_separate,do_not_merge,do_not_merge,correct_keep_separate,True,false_friend
Reform_Circle_Branches,Citizen_Trust_Branch,0.0,0.476,keep_separate,do_not_merge,do_not_merge,correct_keep_separate,True,false_friend
Reform_Circle_Branches,Citizen_Trust_Branches,0.2,0.545,keep_separate,do_not_merge,do_not_merge,correct_keep_separate,True,false_friend
Reform_Circle_Branches,Research_Society_Gamma,0.0,0.364,keep_separate,do_not_merge,do_not_merge,correct_keep_separate,True,false_friend
Reform_Circle_Branches,Research_Society_Gamma_Group,0.0,0.24,keep_separate,do_not_merge,do_not_merge,correct_keep_separate,True,false_friend
Reform_Circle_Branches,Gamma_Research_Network,0.0,0.182,keep_separate,do_not_merge,do_not_merge,correct_keep_separate,True,false_friend
Reform_Circle_Branches,Market_Union_Delta,0.0,0.3,keep_separate,do_not_merge,do_not_merge,correct_keep_separate,True,false_friend
Reform_Circle_Branches,Market_Union_Delta_Group,0.0,0.174,keep_separate,do_not_merge,do_not_merge,correct_keep_separate,True,false_friend
Reform_Circle_Branches,Consumer_Partnership_Sigma,0.0,0.208,keep_separate,do_not_merge,do_not_merge,correct_keep_separate,True,false_friend
Reform_Circle_Branches,Consumer_Partnership_Sigma_Group,0.0,0.111,keep_separate,do_not_merge,do_not_merge,correct_keep_separate,True,false_friend
Reform_Circle_Branches,Global_Assembly_Omega,0.0,0.233,keep_separate,do_not_merge,do_not_merge,correct_keep_separate,True,false_friend
Reform_Circle_Branches,Global_Assembly_Omega_Group,0.0,0.082,keep_separate,do_not_merge,do_not_merge,correct_keep_separate,True,false_friend
Reform_Circle_Branches,Regional_Foundation_Theta,0.0,0.298,keep_separate,do_not_merge,do_not_merge,correct_keep_separate,True,false_friend
Reform_Circle_Branches,Regional_Foundation_Theta_Group,0.0,0.264,keep_separate,do_not_merge,do_not_merge,correct_keep_separate,True,false_friend
Reform_Circle_Branches,National_Choice_Lambda,0.0,0.409,keep_separate,do_not_merge,do_not_merge,correct_keep_separate,True,false_friend
Reform_Circle_Branches,National_Choice_Lambda_Group,0.0,0.36,keep_separate,do_not_merge,do_not_merge,correct_keep_separate,True,false_friend
Liberty_Board_Alpha,Liberty_Board_Beta,0.5,0.811,refer_to_human,do_not_merge,do_not_merge,referred_distinct_pair,True,false_friend
Liberty_Board_Alpha,Standards_Coalition_Branch,0.0,0.356,keep_separate,do_not_merge,do_not_merge,correct_keep_separate,True,false_friend
Liberty_Board_Alpha,Standards_Coalition_Branches,0.0,0.34,keep_separate,do_not_merge,do_not_merge,correct_keep_separate,True,false_friend
Liberty_Board_Alpha,Data_Institute_Alpha,0.2,0.41,keep_separate,do_not_merge,do_not_merge,correct_keep_separate,True,false_friend
Liberty_Board_Alpha,Data_Institute_Beta,0.0,0.263,keep_separate,do_not_merge,do_not_merge,correct_keep_separate,True,false_friend
Liberty_Board_Alpha,Citizen_Trust_Branch,0.0,0.41,keep_separate,do_not_merge,do_not_merge,correct_keep_separate,True,false_friend
Liberty_Board_Alpha,Citizen_Trust_Branches,0.0,0.39,keep_separate,do_not_merge,do_not_merge,correct_keep_separate,True,false_friend
Liberty_Board_Alpha,Research_Society_Gamma,0.0,0.341,keep_separate,do_not_merge,do_not_merge,correct_keep_separate,True,false_friend
Liberty_Board_Alpha,Research_Society_Gamma_Group,0.0,0.298,keep_separate,do_not_merge,do_not_merge,correct_keep_separate,True,false_friend
Liberty_Board_Alpha,Gamma_Research_Network,0.0,0.195,keep_separate,do_not_merge,do_not_merge,correct_keep_separate,True,false_friend
Liberty_Board_Alpha,Market_Union_Delta,0.0,0.216,keep_separate,do_not_merge,do_not_merge,correct_keep_separate,True,false_friend
Liberty_Board_Alpha,Market_Union_Delta_Group,0.0,0.233,keep_separate,do_not_merge,do_not_merge,correct_keep_separate,True,false_friend
Liberty_Board_Alpha,Consumer_Partnership_Sigma,0.0,0.311,keep_separate,do_not_merge,do_not_merge,correct_keep_separate,True,false_friend
Liberty_Board_Alpha,Consumer_Partnership_Sigma_Group,0.0,0.314,keep_separate,do_not_merge,do_not_merge,correct_keep_separate,True,false_friend
Liberty_Board_Alpha,Global_Assembly_Omega,0.0,0.35,keep_separate,do_not_merge,do_not_merge,correct_keep_separate,True,false_friend
Liberty_Board_Alpha,Global_Assembly_Omega_Group,0.0,0.391,keep_separate,do_not_merge,do_not_merge,correct_keep_separate,True,false_friend
Liberty_Board_Alpha,Regional_Foundation_Theta,0.0,0.273,keep_separate,do_not_merge,do_not_merge,correct_keep_separate,True,false_friend
Liberty_Board_Alpha,Regional_Foundation_Theta_Group,0.0,0.2,keep_separate,do_not_merge,do_not_merge,correct_keep_separate,True,false_friend
Liberty_Board_Alpha,National_Choice_Lambda,0.0,0.293,keep_separate,do_not_merge,do_not_merge,correct_keep_separate,True,false_friend
Liberty_Board_Alpha,National_Choice_Lambda_Group,0.0,0.213,keep_separate,do_not_merge,do_not_merge,correct_keep_separate,True,false_friend
Liberty_Board_Beta,Standards_Coalition_Branch,0.0,0.318,keep_separate,do_not_merge,do_not_merge,correct_keep_separate,True,false_friend
Liberty_Board_Beta,Standards_Coalition_Branches,0.0,0.304,keep_separate,do_not_merge,do_not_merge,correct_keep_separate,True,false_friend
Liberty_Board_Beta,Data_Institute_Alpha,0.0,0.158,keep_separate,do_not_merge,do_not_merge,correct_keep_separate,True,false_friend
Liberty_Board_Beta,Data_Institute_Beta,0.2,0.378,keep_separate,do_not_merge,do_not_merge,correct_keep_separate,True,false_friend
Liberty_Board_Beta,Citizen_Trust_Branch,0.0,0.368,keep_separate,do_not_merge,do_not_merge,correct_keep_separate,True,false_friend
Liberty_Board_Beta,Citizen_Trust_Branches,0.0,0.4,keep_separate,do_not_merge,do_not_merge,correct_keep_separate,True,false_friend
Liberty_Board_Beta,Research_Society_Gamma,0.0,0.35,keep_separate,do_not_merge,do_not_merge,correct_keep_separate,True,false_friend
Liberty_Board_Beta,Research_Society_Gamma_Group,0.0,0.261,keep_separate,do_not_merge,do_not_merge,correct_keep_separate,True,false_friend
Liberty_Board_Beta,Gamma_Research_Network,0.0,0.3,keep_separate,do_not_merge,do_not_merge,correct_keep_separate,True,false_friend
Liberty_Board_Beta,Market_Union_Delta,0.0,0.278,keep_separate,do_not_merge,do_not_merge,correct_keep_separate,True,false_friend
Liberty_Board_Beta,Market_Union_Delta_Group,0.0,0.238,keep_separate,do_not_merge,do_not_merge,correct_keep_separate,True,false_friend
Liberty_Board_Beta,Consumer_Partnership_Sigma,0.0,0.318,keep_separate,do_not_merge,do_not_merge,correct_keep_separate,True,false_friend
Liberty_Board_Beta,Consumer_Partnership_Sigma_Group,0.0,0.28,keep_separate,do_not_merge,do_not_merge,correct_keep_separate,True,false_friend
Liberty_Board_Beta,Global_Assembly_Omega,0.0,0.359,keep_separate,do_not_merge,do_not_merge,correct_keep_separate,True,false_friend
Liberty_Board_Beta,Global_Assembly_Omega_Group,0.0,0.356,keep_separate,do_not_merge,do_not_merge,correct_keep_separate,True,false_friend
Liberty_Board_Beta,Regional_Foundation_Theta,0.0,0.279,keep_separate,do_not_merge,do_not_merge,correct_keep_separate,True,false_friend
Liberty_Board_Beta,Regional_Foundation_Theta_Group,0.0,0.245,keep_separate,do_not_merge,do_not_merge,correct_keep_separate,True,false_friend
Liberty_Board_Beta,National_Choice_Lambda,0.0,0.2,keep_separate,do_not_merge,do_not_merge,correct_keep_separate,True,false_friend
Liberty_Board_Beta,National_Choice_Lambda_Group,0.0,0.217,keep_separate,do_not_merge,do_not_merge,correct_keep_separate,True,false_friend
Standards_Coalition_Branch,Standards_Coalition_Branches,0.5,0.963,refer_to_human,do_not_merge,do_not_merge,referred_distinct_pair,True,false_friend
Standards_Coalition_Branch,Data_Institute_Alpha,0.0,0.261,keep_separate,do_not_merge,do_not_merge,correct_keep_separate,True,false_friend
Standards_Coalition_Branch,Data_Institute_Beta,0.0,0.311,keep_separate,do_not_merge,do_not_merge,correct_keep_separate,True,false_friend
Standards_Coalition_Branch,Citizen_Trust_Branch,0.2,0.522,keep_separate,do_not_merge,do_not_merge,correct_keep_separate,True,false_friend
Standards_Coalition_Branch,Citizen_Trust_Branches,0.0,0.5,keep_separate,do_not_merge,do_not_merge,correct_keep_separate,True,false_friend
Standards_Coalition_Branch,Research_Society_Gamma,0.0,0.208,keep_separate,do_not_merge,do_not_merge,correct_keep_separate,True,false_friend
Standards_Coalition_Branch,Research_Society_Gamma_Group,0.0,0.185,keep_separate,do_not_merge,do_not_merge,correct_keep_separate,True,false_friend
Standards_Coalition_Branch,Gamma_Research_Network,0.0,0.208,keep_separate,do_not_merge,do_not_merge,correct_keep_separate,True,false_friend
Standards_Coalition_Branch,Market_Union_Delta,0.0,0.364,keep_separate,do_not_merge,do_not_merge,correct_keep_separate,True,false_friend
Standards_Coalition_Branch,Market_Union_Delta_Group,0.0,0.32,keep_separate,do_not_merge,do_not_merge,correct_keep_separate,True,false_friend
Standards_Coalition_Branch,Consumer_Partnership_Sigma,0.0,0.231,keep_separate,do_not_merge,do_not_merge,correct_keep_separate,True,false_friend
Standards_Coalition_Branch,Consumer_Partnership_Sigma_Group,0.0,0.207,keep_separate,do_not_merge,do_not_merge,correct_keep_separate,True,false_friend
Standards_Coalition_Branch,Global_Assembly_Omega,0.0,0.213,keep_separate,do_not_merge,do_not_merge,correct_keep_separate,True,false_friend
Standards_Coalition_Branch,Global_Assembly_Omega_Group,0.0,0.226,keep_separate,do_not_merge,do_not_merge,correct_keep_separate,True,false_friend
Standards_Coalition_Branch,Regional_Foundation_Theta,0.0,0.392,keep_separate,do_not_merge,do_not_merge,correct_keep_separate,True,false_friend
Standards_Coalition_Branch,Regional_Foundation_Theta_Group,0.0,0.351,keep_separate,do_not_merge,do_not_merge,correct_keep_separate,True,false_friend
Standards_Coalition_Branch,National_Choice_Lambda,0.0,0.333,keep_separate,do_not_merge,do_not_merge,correct_keep_separate,True,false_friend
Standards_Coalition_Branch,National_Choice_Lambda_Group,0.0,0.296,keep_separate,do_not_merge,do_not_merge,correct_keep_separate,True,false_friend
Standards_Coalition_Branches,Data_Institute_Alpha,0.0,0.25,keep_separate,do_not_merge,do_not_merge,correct_keep_separate,True,false_friend
Standards_Coalition_Branches,Data_Institute_Beta,0.0,0.298,keep_separate,do_not_merge,do_not_merge,correct_keep_separate,True,false_friend
Standards_Coalition_Branches,Citizen_Trust_Branch,0.0,0.5,keep_separate,do_not_merge,do_not_merge,correct_keep_separate,True,false_friend
Standards_Coalition_Branches,Citizen_Trust_Branches,0.2,0.56,keep_separate,do_not_merge,do_not_merge,correct_keep_separate,True,false_friend
Standards_Coalition_Branches,Research_Society_Gamma,0.0,0.24,keep_separate,do_not_merge,do_not_merge,correct_keep_separate,True,false_friend
Standards_Coalition_Branches,Research_Society_Gamma_Group,0.0,0.214,keep_separate,do_not_merge,do_not_merge,correct_keep_separate,True,false_friend
Standards_Coalition_Branches,Gamma_Research_Network,0.0,0.24,keep_separate,do_not_merge,do_not_merge,correct_keep_separate,True,false_friend
Standards_Coalition_Branches,Market_Union_Delta,0.0,0.348,keep_separate,do_not_merge,do_not_merge,correct_keep_separate,True,false_friend
Standards_Coalition_Branches,Market_Union_Delta_Group,0.0,0.308,keep_separate,do_not_merge,do_not_merge,correct_keep_separate,True,false_friend
Standards_Coalition_Branches,Consumer_Partnership_Sigma,0.0,0.222,keep_separate,do_not_merge,do_not_merge,correct_keep_separate,True,false_friend
Standards_Coalition_Branches,Consumer_Partnership_Sigma_Group,0.0,0.2,keep_separate,do_not_merge,do_not_merge,correct_keep_separate,True,false_friend
Standards_Coalition_Branches,Global_Assembly_Omega,0.0,0.204,keep_separate,do_not_merge,do_not_merge,correct_keep_separate,True,false_friend
Standards_Coalition_Branches,Global_Assembly_Omega_Group,0.0,0.218,keep_separate,do_not_merge,do_not_merge,correct_keep_separate,True,false_friend
Standards_Coalition_Branches,Regional_Foundation_Theta,0.0,0.415,keep_separate,do_not_merge,do_not_merge,correct_keep_separate,True,false_friend
Standards_Coalition_Branches,Regional_Foundation_Theta_Group,0.0,0.373,keep_separate,do_not_merge,do_not_merge,correct_keep_separate,True,false_friend
Standards_Coalition_Branches,National_Choice_Lambda,0.0,0.36,keep_separate,do_not_merge,do_not_merge,correct_keep_separate,True,false_friend
Standards_Coalition_Branches,National_Choice_Lambda_Group,0.0,0.321,keep_separate,do_not_merge,do_not_merge,correct_keep_separate,True,false_friend
Data_Institute_Alpha,Data_Institute_Beta,0.5,0.821,refer_to_human,do_not_merge,do_not_merge,referred_distinct_pair,True,false_friend
Data_Institute_Alpha,Citizen_Trust_Branch,0.0,0.35,keep_separate,do_not_merge,do_not_merge,correct_keep_separate,True,false_friend
Data_Institute_Alpha,Citizen_Trust_Branches,0.0,0.238,keep_separate,do_not_merge,do_not_merge,correct_keep_separate,True,false_friend
Data_Institute_Alpha,Research_Society_Gamma,0.0,0.19,keep_separate,do_not_merge,do_not_merge,correct_keep_separate,True,false_friend
Data_Institute_Alpha,Research_Society_Gamma_Group,0.0,0.25,keep_separate,do_not_merge,do_not_merge,correct_keep_separate,True,false_friend
Data_Institute_Alpha,Gamma_Research_Network,0.0,0.238,keep_separate,do_not_merge,do_not_merge,correct_keep_separate,True,false_friend
Data_Institute_Alpha,Market_Union_Delta,0.0,0.158,keep_separate,do_not_merge,do_not_merge,correct_keep_separate,True,false_friend
Data_Institute_Alpha,Market_Union_Delta_Group,0.0,0.273,keep_separate,do_not_merge,do_not_merge,correct_keep_separate,True,false_friend
Data_Institute_Alpha,Consumer_Partnership_Sigma,0.0,0.261,keep_separate,do_not_merge,do_not_merge,correct_keep_separate,True,false_friend
Data_Institute_Alpha,Consumer_Partnership_Sigma_Group,0.0,0.231,keep_separate,do_not_merge,do_not_merge,correct_keep_separate,True,false_friend
Data_Institute_Alpha,Global_Assembly_Omega,0.0,0.244,keep_separate,do_not_merge,do_not_merge,correct_keep_separate,True,false_friend
Data_Institute_Alpha,Global_Assembly_Omega_Group,0.0,0.213,keep_separate,do_not_merge,do_not_merge,correct_keep_separate,True,false_friend
Data_Institute_Alpha,Regional_Foundation_Theta,0.0,0.178,keep_separate,do_not_merge,do_not_merge,correct_keep_separate,True,false_friend
Data_Institute_Alpha,Regional_Foundation_Theta_Group,0.0,0.275,keep_separate,do_not_merge,do_not_merge,correct_keep_separate,True,false_friend
Data_Institute_Alpha,National_Choice_Lambda,0.0,0.095,keep_separate,do_not_merge,do_not_merge,correct_keep_separate,True,false_friend
Data_Institute_Alpha,National_Choice_Lambda_Group,0.0,0.208,keep_separate,do_not_merge,do_not_merge,correct_keep_separate,True,false_friend
Data_Institute_Beta,Citizen_Trust_Branch,0.0,0.359,keep_separate,do_not_merge,do_not_merge,correct_keep_separate,True,false_friend
Data_Institute_Beta,Citizen_Trust_Branches,0.0,0.341,keep_separate,do_not_merge,do_not_merge,correct_keep_separate,True,false_friend
Data_Institute_Beta,Research_Society_Gamma,0.0,0.293,keep_separate,do_not_merge,do_not_merge,correct_keep_separate,True,false_friend
Data_Institute_Beta,Research_Society_Gamma_Group,0.0,0.213,keep_separate,do_not_merge,do_not_merge,correct_keep_separate,True,false_friend
Data_Institute_Beta,Gamma_Research_Network,0.0,0.293,keep_separate,do_not_merge,do_not_merge,correct_keep_separate,True,false_friend
Data_Institute_Beta,Market_Union_Delta,0.0,0.162,keep_separate,do_not_merge,do_not_merge,correct_keep_separate,True,false_friend
Data_Institute_Beta,Market_Union_Delta_Group,0.0,0.233,keep_separate,do_not_merge,do_not_merge,correct_keep_separate,True,false_friend
Data_Institute_Beta,Consumer_Partnership_Sigma,0.0,0.267,keep_separate,do_not_merge,do_not_merge,correct_keep_separate,True,false_friend
Data_Institute_Beta,Consumer_Partnership_Sigma_Group,0.0,0.196,keep_separate,do_not_merge,do_not_merge,correct_keep_separate,True,false_friend
Data_Institute_Beta,Global_Assembly_Omega,0.0,0.25,keep_separate,do_not_merge,do_not_merge,correct_keep_separate,True,false_friend
Data_Institute_Beta,Global_Assembly_Omega_Group,0.0,0.174,keep_separate,do_not_merge,do_not_merge,correct_keep_separate,True,false_friend
Data_Institute_Beta,Regional_Foundation_Theta,0.0,0.364,keep_separate,do_not_merge,do_not_merge,correct_keep_separate,True,false_friend
Data_Institute_Beta,Regional_Foundation_Theta_Group,0.0,0.32,keep_separate,do_not_merge,do_not_merge,correct_keep_separate,True,false_friend
Data_Institute_Beta,National_Choice_Lambda,0.0,0.098,keep_separate,do_not_merge,do_not_merge,correct_keep_separate,True,false_friend
Data_Institute_Beta,National_Choice_Lambda_Group,0.0,0.17,keep_separate,do_not_merge,do_not_merge,correct_keep_separate,True,false_friend
Citizen_Trust_Branch,Citizen_Trust_Branches,0.5,0.952,refer_to_human,do_not_merge,do_not_merge,referred_distinct_pair,True,false_friend
Citizen_Trust_Branch,Research_Society_Gamma,0.0,0.238,keep_separate,do_not_merge,do_not_merge,correct_keep_separate,True,false_friend
Citizen_Trust_Branch,Research_Society_Gamma_Group,0.0,0.25,keep_separate,do_not_merge,do_not_merge,correct_keep_separate,True,false_friend
Citizen_Trust_Branch,Gamma_Research_Network,0.0,0.19,keep_separate,do_not_merge,do_not_merge,correct_keep_separate,True,false_friend
Citizen_Trust_Branch,Market_Union_Delta,0.0,0.263,keep_separate,do_not_merge,do_not_merge,correct_keep_separate,True,false_friend
Citizen_Trust_Branch,Market_Union_Delta_Group,0.0,0.273,keep_separate,do_not_merge,do_not_merge,correct_keep_separate,True,false_friend
Citizen_Trust_Branch,Consumer_Partnership_Sigma,0.0,0.174,keep_separate,do_not_merge,do_not_merge,correct_keep_separate,True,false_friend
Citizen_Trust_Branch,Consumer_Partnership_Sigma_Group,0.0,0.231,keep_separate,do_not_merge,do_not_merge,correct_keep_separate,True,false_friend
Citizen_Trust_Branch,Global_Assembly_Omega,0.0,0.146,keep_separate,do_not_merge,do_not_merge,correct_keep_separate,True,false_friend
Citizen_Trust_Branch,Global_Assembly_Omega_Group,0.0,0.17,keep_separate,do_not_merge,do_not_merge,correct_keep_separate,True,false_friend
Citizen_Trust_Branch,Regional_Foundation_Theta,0.0,0.356,keep_separate,do_not_merge,do_not_merge,correct_keep_separate,True,false_friend
Citizen_Trust_Branch,Regional_Foundation_Theta_Group,0.0,0.314,keep_separate,do_not_merge,do_not_merge,correct_keep_separate,True,false_friend
Citizen_Trust_Branch,National_Choice_Lambda,0.0,0.286,keep_separate,do_not_merge,do_not_merge,correct_keep_separate,True,false_friend
Citizen_Trust_Branch,National_Choice_Lambda_Group,0.0,0.25,keep_separate,do_not_merge,do_not_merge,correct_keep_separate,True,false_friend
Citizen_Trust_Branches,Research_Society_Gamma,0.0,0.227,keep_separate,do_not_merge,do_not_merge,correct_keep_separate,True,false_friend
Citizen_Trust_Branches,Research_Society_Gamma_Group,0.0,0.24,keep_separate,do_not_merge,do_not_merge,correct_keep_separate,True,false_friend
Citizen_Trust_Branches,Gamma_Research_Network,0.0,0.227,keep_separate,do_not_merge,do_not_merge,correct_keep_separate,True,false_friend
Citizen_Trust_Branches,Market_Union_Delta,0.0,0.25,keep_separate,do_not_merge,do_not_merge,correct_keep_separate,True,false_friend
Citizen_Trust_Branches,Market_Union_Delta_Group,0.0,0.261,keep_separate,do_not_merge,do_not_merge,correct_keep_separate,True,false_friend
Citizen_Trust_Branches,Consumer_Partnership_Sigma,0.0,0.167,keep_separate,do_not_merge,do_not_merge,correct_keep_separate,True,false_friend
Citizen_Trust_Branches,Consumer_Partnership_Sigma_Group,0.0,0.222,keep_separate,do_not_merge,do_not_merge,correct_keep_separate,True,false_friend
Citizen_Trust_Branches,Global_Assembly_Omega,0.0,0.14,keep_separate,do_not_merge,do_not_merge,correct_keep_separate,True,false_friend
Citizen_Trust_Branches,Global_Assembly_Omega_Group,0.0,0.163,keep_separate,do_not_merge,do_not_merge,correct_keep_separate,True,false_friend
Citizen_Trust_Branches,Regional_Foundation_Theta,0.0,0.34,keep_separate,do_not_merge,do_not_merge,correct_keep_separate,True,false_friend
Citizen_Trust_Branches,Regional_Foundation_Theta_Group,0.0,0.302,keep_separate,do_not_merge,do_not_merge,correct_keep_separate,True,false_friend
Citizen_Trust_Branches,National_Choice_Lambda,0.0,0.318,keep_separate,do_not_merge,do_not_merge,correct_keep_separate,True,false_friend
Citizen_Trust_Branches,National_Choice_Lambda_Group,0.0,0.28,keep_separate,do_not_merge,do_not_merge,correct_keep_separate,True,false_friend
Research_Society_Gamma,Research_Society_Gamma_Group,0.75,0.88,auto_merge,merge,merge,correct_auto_merge,True,true_alias
Research_Society_Gamma,Gamma_Research_Network,0.5,0.5,refer_to_human,do_not_merge,merge,referred_true_alias,False,true_alias
Research_Society_Gamma,Market_Union_Delta,0.0,0.3,keep_separate,do_not_merge,do_not_merge,correct_keep_separate,True,false_friend
Research_Society_Gamma,Market_Union_Delta_Group,0.0,0.261,keep_separate,do_not_merge,do_not_merge,correct_keep_separate,True,false_friend
Research_Society_Gamma,Consumer_Partnership_Sigma,0.0,0.417,keep_separate,do_not_merge,do_not_merge,correct_keep_separate,True,false_friend
Research_Society_Gamma,Consumer_Partnership_Sigma_Group,0.0,0.333,keep_separate,do_not_merge,do_not_merge,correct_keep_separate,True,false_friend
Research_Society_Gamma,Global_Assembly_Omega,0.0,0.279,keep_separate,do_not_merge,do_not_merge,correct_keep_separate,True,false_friend
Research_Society_Gamma,Global_Assembly_Omega_Group,0.0,0.245,keep_separate,do_not_merge,do_not_merge,correct_keep_separate,True,false_friend
Research_Society_Gamma,Regional_Foundation_Theta,0.0,0.298,keep_separate,do_not_merge,do_not_merge,correct_keep_separate,True,false_friend
Research_Society_Gamma,Regional_Foundation_Theta_Group,0.0,0.302,keep_separate,do_not_merge,do_not_merge,correct_keep_separate,True,false_friend
Research_Society_Gamma,National_Choice_Lambda,0.0,0.318,keep_separate,do_not_merge,do_not_merge,correct_keep_separate,True,false_friend
Research_Society_Gamma,National_Choice_Lambda_Group,0.0,0.24,keep_separate,do_not_merge,do_not_merge,correct_keep_separate,True,false_friend
Research_Society_Gamma_Group,Gamma_Research_Network,0.4,0.48,refer_to_human,do_not_merge,merge,referred_true_alias,False,true_alias
Research_Society_Gamma_Group,Market_Union_Delta,0.0,0.261,keep_separate,do_not_merge,do_not_merge,correct_keep_separate,True,false_friend
Research_Society_Gamma_Group,Market_Union_Delta_Group,0.143,0.462,keep_separate,do_not_merge,do_not_merge,correct_keep_separate,True,false_friend
Research_Society_Gamma_Group,Consumer_Partnership_Sigma,0.0,0.37,keep_separate,do_not_merge,do_not_merge,correct_keep_separate,True,false_friend
Research_Society_Gamma_Group,Consumer_Partnership_Sigma_Group,0.143,0.533,keep_separate,do_not_merge,do_not_merge,correct_keep_separate,True,false_friend
Research_Society_Gamma_Group,Global_Assembly_Omega,0.0,0.245,keep_separate,do_not_merge,do_not_merge,correct_keep_separate,True,false_friend
Research_Society_Gamma_Group,Global_Assembly_Omega_Group,0.143,0.436,keep_separate,do_not_merge,do_not_merge,correct_keep_separate,True,false_friend
Research_Society_Gamma_Group,Regional_Foundation_Theta,0.0,0.264,keep_separate,do_not_merge,do_not_merge,correct_keep_separate,True,false_friend
Research_Society_Gamma_Group,Regional_Foundation_Theta_Group,0.143,0.441,keep_separate,do_not_merge,do_not_merge,correct_keep_separate,True,false_friend
Research_Society_Gamma_Group,National_Choice_Lambda,0.0,0.28,keep_separate,do_not_merge,do_not_merge,correct_keep_separate,True,false_friend
Research_Society_Gamma_Group,National_Choice_Lambda_Group,0.143,0.464,keep_separate,do_not_merge,do_not_merge,correct_keep_separate,True,false_friend
Gamma_Research_Network,Market_Union_Delta,0.0,0.3,keep_separate,do_not_merge,do_not_merge,correct_keep_separate,True,false_friend
Gamma_Research_Network,Market_Union_Delta_Group,0.0,0.304,keep_separate,do_not_merge,do_not_merge,correct_keep_separate,True,false_friend
Gamma_Research_Network,Consumer_Partnership_Sigma,0.0,0.125,keep_separate,do_not_merge,do_not_merge,correct_keep_separate,True,false_friend
Gamma_Research_Network,Consumer_Partnership_Sigma_Group,0.0,0.222,keep_separate,do_not_merge,do_not_merge,correct_keep_separate,True,false_friend
Gamma_Research_Network,Global_Assembly_Omega,0.0,0.093,keep_separate,do_not_merge,do_not_merge,correct_keep_separate,True,false_friend
Gamma_Research_Network,Global_Assembly_Omega_Group,0.0,0.204,keep_separate,do_not_merge,do_not_merge,correct_keep_separate,True,false_friend
Gamma_Research_Network,Regional_Foundation_Theta,0.0,0.255,keep_separate,do_not_merge,do_not_merge,correct_keep_separate,True,false_friend
Gamma_Research_Network,Regional_Foundation_Theta_Group,0.0,0.226,keep_separate,do_not_merge,do_not_merge,correct_keep_separate,True,false_friend
Gamma_Research_Network,National_Choice_Lambda,0.0,0.136,keep_separate,do_not_merge,do_not_merge,correct_keep_separate,True,false_friend
Gamma_Research_Network,National_Choice_Lambda_Group,0.0,0.24,keep_separate,do_not_merge,do_not_merge,correct_keep_separate,True,false_friend
Market_Union_Delta,Market_Union_Delta_Group,0.75,0.857,auto_merge,merge,merge,correct_auto_merge,True,true_alias
Market_Union_Delta,Consumer_Partnership_Sigma,0.0,0.091,keep_separate,do_not_merge,do_not_merge,correct_keep_separate,True,false_friend
Market_Union_Delta,Consumer_Partnership_Sigma_Group,0.0,0.16,keep_separate,do_not_merge,do_not_merge,correct_keep_separate,True,false_friend
Market_Union_Delta,Global_Assembly_Omega,0.0,0.103,keep_separate,do_not_merge,do_not_merge,correct_keep_separate,True,false_friend
Market_Union_Delta,Global_Assembly_Omega_Group,0.0,0.178,keep_separate,do_not_merge,do_not_merge,correct_keep_separate,True,false_friend
Market_Union_Delta,Regional_Foundation_Theta,0.0,0.512,keep_separate,do_not_merge,do_not_merge,correct_keep_separate,True,false_friend
Market_Union_Delta,Regional_Foundation_Theta_Group,0.0,0.449,keep_separate,do_not_merge,do_not_merge,correct_keep_separate,True,false_friend
Market_Union_Delta,National_Choice_Lambda,0.0,0.4,keep_separate,do_not_merge,do_not_merge,correct_keep_separate,True,false_friend
Market_Union_Delta,National_Choice_Lambda_Group,0.0,0.348,keep_separate,do_not_merge,do_not_merge,correct_keep_separate,True,false_friend
Market_Union_Delta_Group,Consumer_Partnership_Sigma,0.0,0.08,keep_separate,do_not_merge,do_not_merge,correct_keep_separate,True,false_friend
Market_Union_Delta_Group,Consumer_Partnership_Sigma_Group,0.143,0.464,keep_separate,do_not_merge,do_not_merge,correct_keep_separate,True,false_friend
Market_Union_Delta_Group,Global_Assembly_Omega,0.0,0.089,keep_separate,do_not_merge,do_not_merge,correct_keep_separate,True,false_friend
Market_Union_Delta_Group,Global_Assembly_Omega_Group,0.143,0.353,keep_separate,do_not_merge,do_not_merge,correct_keep_separate,True,false_friend
Market_Union_Delta_Group,Regional_Foundation_Theta,0.0,0.449,keep_separate,do_not_merge,do_not_merge,correct_keep_separate,True,false_friend
Market_Union_Delta_Group,Regional_Foundation_Theta_Group,0.143,0.618,keep_separate,do_not_merge,do_not_merge,correct_keep_separate,True,false_friend
Market_Union_Delta_Group,National_Choice_Lambda,0.0,0.348,keep_separate,do_not_merge,do_not_merge,correct_keep_separate,True,false_friend
Market_Union_Delta_Group,National_Choice_Lambda_Group,0.143,0.538,keep_separate,do_not_merge,do_not_merge,correct_keep_separate,True,false_friend
Consumer_Partnership_Sigma,Consumer_Partnership_Sigma_Group,0.75,0.897,auto_merge,merge,merge,correct_auto_merge,True,true_alias
Consumer_Partnership_Sigma,Global_Assembly_Omega,0.0,0.213,keep_separate,do_not_merge,do_not_merge,correct_keep_separate,True,false_friend
Consumer_Partnership_Sigma,Global_Assembly_Omega_Group,0.0,0.226,keep_separate,do_not_merge,do_not_merge,correct_keep_separate,True,false_friend
Consumer_Partnership_Sigma,Regional_Foundation_Theta,0.0,0.196,keep_separate,do_not_merge,do_not_merge,correct_keep_separate,True,false_friend
Consumer_Partnership_Sigma,Regional_Foundation_Theta_Group,0.0,0.211,keep_separate,do_not_merge,do_not_merge,correct_keep_separate,True,false_friend
Consumer_Partnership_Sigma,National_Choice_Lambda,0.0,0.167,keep_separate,do_not_merge,do_not_merge,correct_keep_separate,True,false_friend
Consumer_Partnership_Sigma,National_Choice_Lambda_Group,0.0,0.148,keep_separate,do_not_merge,do_not_merge,correct_keep_separate,True,false_friend
Consumer_Partnership_Sigma_Group,Global_Assembly_Omega,0.0,0.189,keep_separate,do_not_merge,do_not_merge,correct_keep_separate,True,false_friend
Consumer_Partnership_Sigma_Group,Global_Assembly_Omega_Group,0.143,0.407,keep_separate,do_not_merge,do_not_merge,correct_keep_separate,True,false_friend
Consumer_Partnership_Sigma_Group,Regional_Foundation_Theta,0.0,0.175,keep_separate,do_not_merge,do_not_merge,correct_keep_separate,True,false_friend
Consumer_Partnership_Sigma_Group,Regional_Foundation_Theta_Group,0.143,0.381,keep_separate,do_not_merge,do_not_merge,correct_keep_separate,True,false_friend
Consumer_Partnership_Sigma_Group,National_Choice_Lambda,0.0,0.148,keep_separate,do_not_merge,do_not_merge,correct_keep_separate,True,false_friend
Consumer_Partnership_Sigma_Group,National_Choice_Lambda_Group,0.143,0.333,keep_separate,do_not_merge,do_not_merge,correct_keep_separate,True,false_friend
Global_Assembly_Omega,Global_Assembly_Omega_Group,0.75,0.875,auto_merge,merge,merge,correct_auto_merge,True,true_alias
Global_Assembly_Omega,Regional_Foundation_Theta,0.0,0.348,keep_separate,do_not_merge,do_not_merge,correct_keep_separate,True,false_friend
Global_Assembly_Omega,Regional_Foundation_Theta_Group,0.0,0.346,keep_separate,do_not_merge,do_not_merge,correct_keep_separate,True,false_friend
Global_Assembly_Omega,National_Choice_Lambda,0.0,0.372,keep_separate,do_not_merge,do_not_merge,correct_keep_separate,True,false_friend
Global_Assembly_Omega,National_Choice_Lambda_Group,0.0,0.367,keep_separate,do_not_merge,do_not_merge,correct_keep_separate,True,false_friend
Global_Assembly_Omega_Group,Regional_Foundation_Theta,0.0,0.269,keep_separate,do_not_merge,do_not_merge,correct_keep_separate,True,false_friend
Global_Assembly_Omega_Group,Regional_Foundation_Theta_Group,0.143,0.483,keep_separate,do_not_merge,do_not_merge,correct_keep_separate,True,false_friend
Global_Assembly_Omega_Group,National_Choice_Lambda,0.0,0.327,keep_separate,do_not_merge,do_not_merge,correct_keep_separate,True,false_friend
Global_Assembly_Omega_Group,National_Choice_Lambda_Group,0.143,0.509,keep_separate,do_not_merge,do_not_merge,correct_keep_separate,True,false_friend
Regional_Foundation_Theta,Regional_Foundation_Theta_Group,0.75,0.893,auto_merge,merge,merge,correct_auto_merge,True,true_alias
Regional_Foundation_Theta,National_Choice_Lambda,0.0,0.383,keep_separate,do_not_merge,do_not_merge,correct_keep_separate,True,false_friend
Regional_Foundation_Theta,National_Choice_Lambda_Group,0.0,0.302,keep_separate,do_not_merge,do_not_merge,correct_keep_separate,True,false_friend
Regional_Foundation_Theta_Group,National_Choice_Lambda,0.0,0.34,keep_separate,do_not_merge,do_not_merge,correct_keep_separate,True,false_friend
Regional_Foundation_Theta_Group,National_Choice_Lambda_Group,0.143,0.508,keep_separate,do_not_merge,do_not_merge,correct_keep_separate,True,false_friend
National_Choice_Lambda,National_Choice_Lambda_Group,0.75,0.88,auto_merge,merge,merge,correct_auto_merge,True,true_alias
