id,candidate_id,node_sequence,edge_sequence,evidence_grades,edge_provenance,evidence_snippets,review_priority_score,triage_threshold,score_threshold_crossed,eligible_for_high_priority,eligibility_rule_version,ineligible_reason,high_priority_review,flagged,ground_truth_label,is_weak_chain,touches_embedded_control,classification,explanation,recommended_action
GT_PATH_000,CAND_0006,Funder_000 -> Intermediary_000 -> Proxy_000 -> Campaign_000,funds -> partners_with -> hosts,4 -> 3 -> 3,ground-truth -> ground-truth -> ground-truth,Synthetic record: Funder_000 is listed as providing funding to Intermediary_000 during Phase_01. || Synthetic record: Intermediary_000 is described as a partner of Proxy_000 during Phase_01. || Synthetic record: Proxy_000 is listed as a host of Campaign_000 during Phase_02.,67.8,60.0,1,1,funding_and_min_grade_2_v1,,1,1,1,0,0,true_positive,"HIGH-PRIORITY REVIEW (raw score 67.80 >= threshold 60.0 and eligible): includes a direct synthetic funding edge (grade 4); weakest hop grade 3, mean grade 3.33; documentary continuity maintained across all hops.",Prioritise for expert review: inspect the underlying synthetic records and confirm each link independently before drawing any inference.
GT_PATH_004,CAND_0031,Funder_004 -> Intermediary_004 -> Proxy_004 -> Campaign_004,funds -> partners_with -> hosts,4 -> 3 -> 3,ground-truth -> ground-truth -> ground-truth,Synthetic record: Funder_004 is listed as providing funding to Intermediary_004 during Phase_01. || Synthetic record: Intermediary_004 is described as a partner of Proxy_004 during Phase_01. || Synthetic record: Proxy_004 is listed as a host of Campaign_004 during Phase_02.,67.8,60.0,1,1,funding_and_min_grade_2_v1,,1,1,1,0,0,true_positive,"HIGH-PRIORITY REVIEW (raw score 67.80 >= threshold 60.0 and eligible): includes a direct synthetic funding edge (grade 4); weakest hop grade 3, mean grade 3.33; documentary continuity maintained across all hops.",Prioritise for expert review: inspect the underlying synthetic records and confirm each link independently before drawing any inference.
GT_PATH_007,CAND_0036,Funder_007 -> Intermediary_007 -> Event_007 -> Report_007,funds -> hosts -> publishes,4 -> 3 -> 3,ground-truth -> ground-truth -> ground-truth,Synthetic record: Funder_007 is listed as providing funding to Intermediary_007 during Phase_01. || Synthetic record: Intermediary_007 is listed as a host of Event_007 during Phase_01. || Synthetic record: Event_007 is listed as the publisher of Report_007 during Phase_02.,67.8,60.0,1,1,funding_and_min_grade_2_v1,,1,1,1,0,0,true_positive,"HIGH-PRIORITY REVIEW (raw score 67.80 >= threshold 60.0 and eligible): includes a direct synthetic funding edge (grade 4); weakest hop grade 3, mean grade 3.33; documentary continuity maintained across all hops.",Prioritise for expert review: inspect the underlying synthetic records and confirm each link independently before drawing any inference.
GT_PATH_008,CAND_0037,Funder_008 -> Intermediary_008 -> Proxy_008 -> Campaign_008,funds -> partners_with -> hosts,4 -> 3 -> 3,ground-truth -> ground-truth -> ground-truth,Synthetic record: Funder_008 is listed as providing funding to Intermediary_008 during Phase_01. || Synthetic record: Intermediary_008 is described as a partner of Proxy_008 during Phase_01. || Synthetic record: Proxy_008 is listed as a host of Campaign_008 during Phase_02.,67.8,60.0,1,1,funding_and_min_grade_2_v1,,1,1,1,0,0,true_positive,"HIGH-PRIORITY REVIEW (raw score 67.80 >= threshold 60.0 and eligible): includes a direct synthetic funding edge (grade 4); weakest hop grade 3, mean grade 3.33; documentary continuity maintained across all hops.",Prioritise for expert review: inspect the underlying synthetic records and confirm each link independently before drawing any inference.
GT_PATH_003,CAND_0026,Funder_003 -> Intermediary_003 -> Event_003 -> Report_003,funds -> hosts -> publishes,4 -> 3 -> 3,ground-truth -> ground-truth -> ground-truth,Synthetic record: Funder_003 is listed as providing funding to Intermediary_003 during Phase_01. || Synthetic record: Intermediary_003 is listed as a host of Event_003 during Phase_01. || Synthetic record: Event_003 is listed as the publisher of Report_003 during Phase_02.,67.8,60.0,1,1,funding_and_min_grade_2_v1,,1,1,1,0,0,true_positive,"HIGH-PRIORITY REVIEW (raw score 67.80 >= threshold 60.0 and eligible): includes a direct synthetic funding edge (grade 4); weakest hop grade 3, mean grade 3.33; documentary continuity maintained across all hops.",Prioritise for expert review: inspect the underlying synthetic records and confirm each link independently before drawing any inference.
GT_PATH_011,CAND_0040,Funder_011 -> Intermediary_011 -> Event_011 -> Report_011,funds -> hosts -> publishes,4 -> 3 -> 3,ground-truth -> ground-truth -> ground-truth,Synthetic record: Funder_011 is listed as providing funding to Intermediary_011 during Phase_01. || Synthetic record: Intermediary_011 is listed as a host of Event_011 during Phase_01. || Synthetic record: Event_011 is listed as the publisher of Report_011 during Phase_02.,67.8,60.0,1,1,funding_and_min_grade_2_v1,,1,1,1,0,0,true_positive,"HIGH-PRIORITY REVIEW (raw score 67.80 >= threshold 60.0 and eligible): includes a direct synthetic funding edge (grade 4); weakest hop grade 3, mean grade 3.33; documentary continuity maintained across all hops.",Prioritise for expert review: inspect the underlying synthetic records and confirm each link independently before drawing any inference.
GT_PATH_005,CAND_0033,Funder_005 -> Intermediary_005 -> Event_005 -> Proxy_005 -> Report_005,funds -> hosts -> speaks_at -> publishes,4 -> 3 -> 3 -> 3,ground-truth -> ground-truth -> ground-truth -> ground-truth,Synthetic record: Funder_005 is listed as providing funding to Intermediary_005 during Phase_01. || Synthetic record: Intermediary_005 is listed as a host of Event_005 during Phase_01. || Synthetic record: a representative of Event_005 is listed as speaking at Proxy_005 during Phase_02. || Synthetic record: Proxy_005 is listed as the publisher of Report_005 during Phase_02.,65.78,60.0,1,1,funding_and_min_grade_2_v1,,1,1,1,0,0,true_positive,"HIGH-PRIORITY REVIEW (raw score 65.78 >= threshold 60.0 and eligible): includes a direct synthetic funding edge (grade 4); weakest hop grade 3, mean grade 3.25; documentary continuity maintained across all hops.",Prioritise for expert review: inspect the underlying synthetic records and confirm each link independently before drawing any inference.
GT_PATH_009,CAND_0038,Funder_009 -> Intermediary_009 -> Event_009 -> Proxy_009 -> Report_009,funds -> hosts -> speaks_at -> publishes,4 -> 3 -> 3 -> 3,ground-truth -> ground-truth -> ground-truth -> ground-truth,Synthetic record: Funder_009 is listed as providing funding to Intermediary_009 during Phase_01. || Synthetic record: Intermediary_009 is listed as a host of Event_009 during Phase_01. || Synthetic record: a representative of Event_009 is listed as speaking at Proxy_009 during Phase_02. || Synthetic record: Proxy_009 is listed as the publisher of Report_009 during Phase_02.,65.78,60.0,1,1,funding_and_min_grade_2_v1,,1,1,1,0,0,true_positive,"HIGH-PRIORITY REVIEW (raw score 65.78 >= threshold 60.0 and eligible): includes a direct synthetic funding edge (grade 4); weakest hop grade 3, mean grade 3.25; documentary continuity maintained across all hops.",Prioritise for expert review: inspect the underlying synthetic records and confirm each link independently before drawing any inference.
GT_PATH_001,CAND_0011,Funder_001 -> Intermediary_001 -> Event_001 -> Proxy_001 -> Report_001,funds -> hosts -> speaks_at -> publishes,4 -> 3 -> 3 -> 3,ground-truth -> ground-truth -> ground-truth -> ground-truth,Synthetic record: Funder_001 is listed as providing funding to Intermediary_001 during Phase_01. || Synthetic record: Intermediary_001 is listed as a host of Event_001 during Phase_01. || Synthetic record: a representative of Event_001 is listed as speaking at Proxy_001 during Phase_02. || Synthetic record: Proxy_001 is listed as the publisher of Report_001 during Phase_02.,65.78,60.0,1,1,funding_and_min_grade_2_v1,,1,1,1,0,0,true_positive,"HIGH-PRIORITY REVIEW (raw score 65.78 >= threshold 60.0 and eligible): includes a direct synthetic funding edge (grade 4); weakest hop grade 3, mean grade 3.25; documentary continuity maintained across all hops.",Prioritise for expert review: inspect the underlying synthetic records and confirm each link independently before drawing any inference.
GT_PATH_002,CAND_0017,Funder_002 -> Intermediary_002 -> Proxy_002 -> Campaign_002,funds -> partners_with -> amplifies,4 -> 3 -> 2,ground-truth -> ground-truth -> ground-truth,Synthetic record: Funder_002 is listed as providing funding to Intermediary_002 during Phase_01. || Synthetic record: Intermediary_002 is described as a partner of Proxy_002 during Phase_01. || Synthetic record: Proxy_002 repeatedly amplified output attributed to Campaign_002 during Phase_02.,63.8,60.0,1,1,funding_and_min_grade_2_v1,,1,1,1,0,0,true_positive,"HIGH-PRIORITY REVIEW (raw score 63.80 >= threshold 60.0 and eligible): includes a direct synthetic funding edge (grade 4); weakest hop grade 2, mean grade 3.00; drops to a grade-2 shared-link/amplification hop.",Prioritise for expert review: inspect the underlying synthetic records and confirm each link independently before drawing any inference.
GT_PATH_010,CAND_0039,Funder_010 -> Intermediary_010 -> Proxy_010 -> Campaign_010,funds -> partners_with -> amplifies,4 -> 3 -> 2,ground-truth -> ground-truth -> ground-truth,Synthetic record: Funder_010 is listed as providing funding to Intermediary_010 during Phase_01. || Synthetic record: Intermediary_010 is described as a partner of Proxy_010 during Phase_01. || Synthetic record: Proxy_010 repeatedly amplified output attributed to Campaign_010 during Phase_02.,63.8,60.0,1,1,funding_and_min_grade_2_v1,,1,1,1,0,0,true_positive,"HIGH-PRIORITY REVIEW (raw score 63.80 >= threshold 60.0 and eligible): includes a direct synthetic funding edge (grade 4); weakest hop grade 2, mean grade 3.00; drops to a grade-2 shared-link/amplification hop.",Prioritise for expert review: inspect the underlying synthetic records and confirm each link independently before drawing any inference.
GT_PATH_006,CAND_0035,Funder_006 -> Intermediary_006 -> Proxy_006 -> Campaign_006,funds -> partners_with -> amplifies,4 -> 3 -> 2,ground-truth -> ground-truth -> ground-truth,Synthetic record: Funder_006 is listed as providing funding to Intermediary_006 during Phase_01. || Synthetic record: Intermediary_006 is described as a partner of Proxy_006 during Phase_01. || Synthetic record: Proxy_006 repeatedly amplified output attributed to Campaign_006 during Phase_02.,63.8,60.0,1,1,funding_and_min_grade_2_v1,,1,1,1,0,0,true_positive,"HIGH-PRIORITY REVIEW (raw score 63.80 >= threshold 60.0 and eligible): includes a direct synthetic funding edge (grade 4); weakest hop grade 2, mean grade 3.00; drops to a grade-2 shared-link/amplification hop.",Prioritise for expert review: inspect the underlying synthetic records and confirm each link independently before drawing any inference.
CAND_0013,CAND_0013,Funder_001 -> Intermediary_001 -> Campaign_L007,funds -> partners_with,4 -> 3,ground-truth -> distractor,Synthetic record: Funder_001 is listed as providing funding to Intermediary_001 during Phase_01. || Synthetic record: Intermediary_001 is described as a partner of Campaign_L007 during Phase_01.,69.45,60.0,1,1,funding_and_min_grade_2_v1,,1,1,0,0,0,false_positive,"HIGH-PRIORITY REVIEW (raw score 69.45 >= threshold 60.0 and eligible): includes a direct synthetic funding edge (grade 4); weakest hop grade 3, mean grade 3.50; documentary continuity maintained across all hops.","Queue for expert review; every hop carries documentary-grade evidence, so this false lead is not separable from a true pathway on grades alone and requires full manual verification of each underlying record."
CAND_0018,CAND_0018,Funder_002 -> Intermediary_002 -> Campaign_WC02,funds -> partners_with,4 -> 3,ground-truth -> distractor,Synthetic record: Funder_002 is listed as providing funding to Intermediary_002 during Phase_01. || Synthetic record: Intermediary_002 is described as a partner of Campaign_WC02 during Phase_02.,66.45,60.0,1,1,funding_and_min_grade_2_v1,,1,1,0,0,0,false_positive,"HIGH-PRIORITY REVIEW (raw score 66.45 >= threshold 60.0 and eligible): includes a direct synthetic funding edge (grade 4); weakest hop grade 3, mean grade 3.50; documentary continuity maintained across all hops.","Queue for expert review; every hop carries documentary-grade evidence, so this false lead is not separable from a true pathway on grades alone and requires full manual verification of each underlying record."
CAND_0025,CAND_0025,Funder_003 -> Intermediary_003 -> Campaign_WC04,funds -> partners_with,4 -> 3,ground-truth -> distractor,Synthetic record: Funder_003 is listed as providing funding to Intermediary_003 during Phase_01. || Synthetic record: Intermediary_003 is described as a partner of Campaign_WC04 during Phase_03.,66.45,60.0,1,1,funding_and_min_grade_2_v1,,1,1,0,0,0,false_positive,"HIGH-PRIORITY REVIEW (raw score 66.45 >= threshold 60.0 and eligible): includes a direct synthetic funding edge (grade 4); weakest hop grade 3, mean grade 3.50; documentary continuity maintained across all hops.","Queue for expert review; every hop carries documentary-grade evidence, so this false lead is not separable from a true pathway on grades alone and requires full manual verification of each underlying record."
CAND_0004,CAND_0004,Funder_000 -> Intermediary_000 -> Campaign_L005,funds -> partners_with,4 -> 3,ground-truth -> distractor,Synthetic record: Funder_000 is listed as providing funding to Intermediary_000 during Phase_01. || Synthetic record: Intermediary_000 is described as a partner of Campaign_L005 during Phase_04.,66.45,60.0,1,1,funding_and_min_grade_2_v1,,1,1,0,0,0,false_positive,"HIGH-PRIORITY REVIEW (raw score 66.45 >= threshold 60.0 and eligible): includes a direct synthetic funding edge (grade 4); weakest hop grade 3, mean grade 3.50; documentary continuity maintained across all hops.","Queue for expert review; every hop carries documentary-grade evidence, so this false lead is not separable from a true pathway on grades alone and requires full manual verification of each underlying record."
CAND_0014,CAND_0014,Funder_001 -> Intermediary_001 -> Campaign_EC06,funds -> amplifies,4 -> 2,ground-truth -> distractor,Synthetic record: Funder_001 is listed as providing funding to Intermediary_001 during Phase_01. || Synthetic record: Intermediary_001 repeatedly amplified output attributed to Campaign_EC06 during Phase_01.,64.2,60.0,1,1,funding_and_min_grade_2_v1,,1,1,0,0,0,false_positive,"HIGH-PRIORITY REVIEW (raw score 64.20 >= threshold 60.0 and eligible): includes a direct synthetic funding edge (grade 4); weakest hop grade 2, mean grade 3.00; drops to a grade-2 shared-link/amplification hop.","Queue for expert review as a possible lead only; the weakest hop is low grade (grade 2), so it may be set aside on inspection of that hop."
CAND_0016,CAND_0016,Funder_001 -> Intermediary_001 -> Campaign_008,funds -> shares_link,4 -> 2,ground-truth -> distractor,Synthetic record: Funder_001 is listed as providing funding to Intermediary_001 during Phase_01. || Synthetic record: Intermediary_001 and Campaign_008 shared the same abstract link during Phase_01.,61.7,60.0,1,1,funding_and_min_grade_2_v1,,1,1,0,0,0,false_positive,"HIGH-PRIORITY REVIEW (raw score 61.70 >= threshold 60.0 and eligible): includes a direct synthetic funding edge (grade 4); weakest hop grade 2, mean grade 3.00; drops to a grade-2 shared-link/amplification hop.","Queue for expert review as a possible lead only; the weakest hop is low grade (grade 2), so it may be set aside on inspection of that hop."
CAND_0042,CAND_0042,Funder_L001 -> Intermediary_L001 -> Proxy_L001 -> Campaign_L001,funds -> partners_with -> shares_link,4 -> 3 -> 2,distractor -> distractor -> distractor,Synthetic record: Funder_L001 is listed as providing funding to Intermediary_L001 during Phase_01. || Synthetic record: Intermediary_L001 is described as a partner of Proxy_L001 during Phase_01. || Synthetic record: Proxy_L001 and Campaign_L001 shared the same abstract link during Phase_02.,61.3,60.0,1,1,funding_and_min_grade_2_v1,,1,1,0,0,0,false_positive,"HIGH-PRIORITY REVIEW (raw score 61.30 >= threshold 60.0 and eligible): includes a direct synthetic funding edge (grade 4); weakest hop grade 2, mean grade 3.00; drops to a grade-2 shared-link/amplification hop.","Queue for expert review as a possible lead only; the weakest hop is low grade (grade 2), so it may be set aside on inspection of that hop."
CAND_0028,CAND_0028,Funder_003 -> Intermediary_003 -> Proxy_005 -> Report_005,funds -> shares_link -> publishes,4 -> 2 -> 3,ground-truth -> distractor -> ground-truth,Synthetic record: Funder_003 is listed as providing funding to Intermediary_003 during Phase_01. || Synthetic record: Intermediary_003 and Proxy_005 shared the same abstract link during Phase_02. || Synthetic record: Proxy_005 is listed as the publisher of Report_005 during Phase_02.,61.3,60.0,1,1,funding_and_min_grade_2_v1,,1,1,0,0,0,false_positive,"HIGH-PRIORITY REVIEW (raw score 61.30 >= threshold 60.0 and eligible): includes a direct synthetic funding edge (grade 4); weakest hop grade 2, mean grade 3.00; drops to a grade-2 shared-link/amplification hop.","Queue for expert review as a possible lead only; the weakest hop is low grade (grade 2), so it may be set aside on inspection of that hop."
CAND_0019,CAND_0019,Funder_002 -> Intermediary_002 -> Proxy_004 -> Campaign_004,funds -> shares_link -> hosts,4 -> 2 -> 3,ground-truth -> distractor -> ground-truth,Synthetic record: Funder_002 is listed as providing funding to Intermediary_002 during Phase_01. || Synthetic record: Intermediary_002 and Proxy_004 shared the same abstract link during Phase_01. || Synthetic record: Proxy_004 is listed as a host of Campaign_004 during Phase_02.,61.3,60.0,1,1,funding_and_min_grade_2_v1,,1,1,0,0,0,false_positive,"HIGH-PRIORITY REVIEW (raw score 61.30 >= threshold 60.0 and eligible): includes a direct synthetic funding edge (grade 4); weakest hop grade 2, mean grade 3.00; drops to a grade-2 shared-link/amplification hop.","Queue for expert review as a possible lead only; the weakest hop is low grade (grade 2), so it may be set aside on inspection of that hop."
CAND_0044,CAND_0044,Funder_L003 -> Intermediary_L003 -> Proxy_L003 -> Campaign_L003,funds -> partners_with -> shares_link,4 -> 3 -> 2,distractor -> distractor -> distractor,Synthetic record: Funder_L003 is listed as providing funding to Intermediary_L003 during Phase_01. || Synthetic record: Intermediary_L003 is described as a partner of Proxy_L003 during Phase_01. || Synthetic record: Proxy_L003 and Campaign_L003 shared the same abstract link during Phase_02.,61.3,60.0,1,1,funding_and_min_grade_2_v1,,1,1,0,0,0,false_positive,"HIGH-PRIORITY REVIEW (raw score 61.30 >= threshold 60.0 and eligible): includes a direct synthetic funding edge (grade 4); weakest hop grade 2, mean grade 3.00; drops to a grade-2 shared-link/amplification hop.","Queue for expert review as a possible lead only; the weakest hop is low grade (grade 2), so it may be set aside on inspection of that hop."
CAND_0048,CAND_0048,Funder_L007 -> Intermediary_L007 -> Proxy_L007 -> Campaign_L007,funds -> partners_with -> shares_link,4 -> 3 -> 2,distractor -> distractor -> distractor,Synthetic record: Funder_L007 is listed as providing funding to Intermediary_L007 during Phase_01. || Synthetic record: Intermediary_L007 is described as a partner of Proxy_L007 during Phase_01. || Synthetic record: Proxy_L007 and Campaign_L007 shared the same abstract link during Phase_02.,61.3,60.0,1,1,funding_and_min_grade_2_v1,,1,1,0,0,0,false_positive,"HIGH-PRIORITY REVIEW (raw score 61.30 >= threshold 60.0 and eligible): includes a direct synthetic funding edge (grade 4); weakest hop grade 2, mean grade 3.00; drops to a grade-2 shared-link/amplification hop.","Queue for expert review as a possible lead only; the weakest hop is low grade (grade 2), so it may be set aside on inspection of that hop."
CAND_0046,CAND_0046,Funder_L005 -> Intermediary_L005 -> Proxy_L005 -> Campaign_L005,funds -> partners_with -> shares_link,4 -> 3 -> 2,distractor -> distractor -> distractor,Synthetic record: Funder_L005 is listed as providing funding to Intermediary_L005 during Phase_01. || Synthetic record: Intermediary_L005 is described as a partner of Proxy_L005 during Phase_01. || Synthetic record: Proxy_L005 and Campaign_L005 shared the same abstract link during Phase_02.,61.3,60.0,1,1,funding_and_min_grade_2_v1,,1,1,0,0,0,false_positive,"HIGH-PRIORITY REVIEW (raw score 61.30 >= threshold 60.0 and eligible): includes a direct synthetic funding edge (grade 4); weakest hop grade 2, mean grade 3.00; drops to a grade-2 shared-link/amplification hop.","Queue for expert review as a possible lead only; the weakest hop is low grade (grade 2), so it may be set aside on inspection of that hop."
CAND_0003,CAND_0003,Funder_000 -> Intermediary_000 -> Campaign_EC04,funds -> amplifies,4 -> 2,ground-truth -> distractor,Synthetic record: Funder_000 is listed as providing funding to Intermediary_000 during Phase_01. || Synthetic record: Intermediary_000 repeatedly amplified output attributed to Campaign_EC04 during Phase_04.,61.2,60.0,1,1,funding_and_min_grade_2_v1,,1,1,0,0,0,false_positive,"HIGH-PRIORITY REVIEW (raw score 61.20 >= threshold 60.0 and eligible): includes a direct synthetic funding edge (grade 4); weakest hop grade 2, mean grade 3.00; drops to a grade-2 shared-link/amplification hop.","Queue for expert review as a possible lead only; the weakest hop is low grade (grade 2), so it may be set aside on inspection of that hop."
CAND_0022,CAND_0022,Funder_002 -> Intermediary_002 -> Campaign_L001,funds -> amplifies,4 -> 2,ground-truth -> distractor,Synthetic record: Funder_002 is listed as providing funding to Intermediary_002 during Phase_01. || Synthetic record: Intermediary_002 repeatedly amplified output attributed to Campaign_L001 during Phase_02.,61.2,60.0,1,1,funding_and_min_grade_2_v1,,1,1,0,0,0,false_positive,"HIGH-PRIORITY REVIEW (raw score 61.20 >= threshold 60.0 and eligible): includes a direct synthetic funding edge (grade 4); weakest hop grade 2, mean grade 3.00; drops to a grade-2 shared-link/amplification hop.","Queue for expert review as a possible lead only; the weakest hop is low grade (grade 2), so it may be set aside on inspection of that hop."
CAND_0008,CAND_0008,Funder_000 -> Intermediary_000 -> Campaign_010,funds -> uses_similar_language,4 -> 2,ground-truth -> distractor,Synthetic record: Funder_000 is listed as providing funding to Intermediary_000 during Phase_01. || Synthetic record: Intermediary_000 used wording closely similar to Campaign_010 during Phase_02.,60.7,60.0,1,1,funding_and_min_grade_2_v1,,1,1,0,0,0,false_positive,"HIGH-PRIORITY REVIEW (raw score 60.70 >= threshold 60.0 and eligible): includes a direct synthetic funding edge (grade 4); weakest hop grade 2, mean grade 3.00; drops to a grade-2 shared-link/amplification hop.","Queue for expert review as a possible lead only; the weakest hop is low grade (grade 2), so it may be set aside on inspection of that hop."
CAND_0012,CAND_0012,Funder_001 -> Intermediary_001 -> Campaign_EC02,funds -> uses_similar_language,4 -> 2,ground-truth -> distractor,Synthetic record: Funder_001 is listed as providing funding to Intermediary_001 during Phase_01. || Synthetic record: Intermediary_001 used wording closely similar to Campaign_EC02 during Phase_03.,60.7,60.0,1,1,funding_and_min_grade_2_v1,,1,1,0,0,0,false_positive,"HIGH-PRIORITY REVIEW (raw score 60.70 >= threshold 60.0 and eligible): includes a direct synthetic funding edge (grade 4); weakest hop grade 2, mean grade 3.00; drops to a grade-2 shared-link/amplification hop.","Queue for expert review as a possible lead only; the weakest hop is low grade (grade 2), so it may be set aside on inspection of that hop."
CAND_0024,CAND_0024,Funder_002 -> Intermediary_002 -> Campaign_EC04,funds -> uses_similar_language,4 -> 2,ground-truth -> distractor,Synthetic record: Funder_002 is listed as providing funding to Intermediary_002 during Phase_01. || Synthetic record: Intermediary_002 used wording closely similar to Campaign_EC04 during Phase_04.,60.7,60.0,1,1,funding_and_min_grade_2_v1,,1,1,0,0,0,false_positive,"HIGH-PRIORITY REVIEW (raw score 60.70 >= threshold 60.0 and eligible): includes a direct synthetic funding edge (grade 4); weakest hop grade 2, mean grade 3.00; drops to a grade-2 shared-link/amplification hop.","Queue for expert review as a possible lead only; the weakest hop is low grade (grade 2), so it may be set aside on inspection of that hop."
CAND_0005,CAND_0005,Funder_000 -> Intermediary_000 -> Proxy_001 -> Report_001,funds -> shares_link -> publishes,4 -> 2 -> 3,ground-truth -> distractor -> ground-truth,Synthetic record: Funder_000 is listed as providing funding to Intermediary_000 during Phase_01. || Synthetic record: Intermediary_000 and Proxy_001 shared the same abstract link during Phase_03. || Synthetic record: Proxy_001 is listed as the publisher of Report_001 during Phase_02.,59.3,60.0,0,1,funding_and_min_grade_2_v1,,0,0,0,0,0,true_negative,"not high priority: raw score 59.30 is below threshold 60.0: includes a direct synthetic funding edge (grade 4); weakest hop grade 2, mean grade 3.00; drops to a grade-2 shared-link/amplification hop.",No review action required; retain in the audit log for completeness.
CAND_0010,CAND_0010,Funder_001 -> Intermediary_001 -> Proxy_002 -> Campaign_002,funds -> shares_link -> amplifies,4 -> 2 -> 2,ground-truth -> distractor -> ground-truth,Synthetic record: Funder_001 is listed as providing funding to Intermediary_001 during Phase_01. || Synthetic record: Intermediary_001 and Proxy_002 shared the same abstract link during Phase_04. || Synthetic record: Proxy_002 repeatedly amplified output attributed to Campaign_002 during Phase_02.,59.3,60.0,0,1,funding_and_min_grade_2_v1,,0,0,0,0,0,true_negative,"not high priority: raw score 59.30 is below threshold 60.0: includes a direct synthetic funding edge (grade 4); weakest hop grade 2, mean grade 2.67; drops to a grade-2 shared-link/amplification hop.",No review action required; retain in the audit log for completeness.
CAND_0027,CAND_0027,Funder_003 -> Intermediary_003 -> Campaign_EC02,funds -> shares_link,4 -> 2,ground-truth -> distractor,Synthetic record: Funder_003 is listed as providing funding to Intermediary_003 during Phase_01. || Synthetic record: Intermediary_003 and Campaign_EC02 shared the same abstract link during Phase_03.,58.7,60.0,0,1,funding_and_min_grade_2_v1,,0,0,0,0,0,true_negative,"not high priority: raw score 58.70 is below threshold 60.0: includes a direct synthetic funding edge (grade 4); weakest hop grade 2, mean grade 3.00; drops to a grade-2 shared-link/amplification hop.",No review action required; retain in the audit log for completeness.
CAND_0002,CAND_0002,Funder_000 -> Intermediary_000 -> Campaign_006,funds -> shares_link,4 -> 2,ground-truth -> distractor,Synthetic record: Funder_000 is listed as providing funding to Intermediary_000 during Phase_01. || Synthetic record: Intermediary_000 and Campaign_006 shared the same abstract link during Phase_04.,58.7,60.0,0,1,funding_and_min_grade_2_v1,,0,0,0,0,0,true_negative,"not high priority: raw score 58.70 is below threshold 60.0: includes a direct synthetic funding edge (grade 4); weakest hop grade 2, mean grade 3.00; drops to a grade-2 shared-link/amplification hop.",No review action required; retain in the audit log for completeness.
CAND_0020,CAND_0020,Funder_002 -> Intermediary_002 -> Campaign_010,funds -> shares_link,4 -> 2,ground-truth -> distractor,Synthetic record: Funder_002 is listed as providing funding to Intermediary_002 during Phase_01. || Synthetic record: Intermediary_002 and Campaign_010 shared the same abstract link during Phase_02.,58.7,60.0,0,1,funding_and_min_grade_2_v1,,0,0,0,0,0,true_negative,"not high priority: raw score 58.70 is below threshold 60.0: includes a direct synthetic funding edge (grade 4); weakest hop grade 2, mean grade 3.00; drops to a grade-2 shared-link/amplification hop.",No review action required; retain in the audit log for completeness.
CAND_0029,CAND_0029,Funder_003 -> Intermediary_003 -> Campaign_008,funds -> co_occurs_with,4 -> 1,ground-truth -> distractor,Synthetic record: Funder_003 is listed as providing funding to Intermediary_003 during Phase_01. || Synthetic record: Intermediary_003 and Campaign_008 co-occurred in one abstract index during Phase_01.,53.95,60.0,0,0,funding_and_min_grade_2_v1,minimum_evidence_grade_below_2,0,0,0,0,0,true_negative,"not high priority: raw score 53.95 is below threshold 60.0: includes a direct synthetic funding edge (grade 4); weakest hop grade 1, mean grade 2.50; drops to a grade-0/1 hop and is ineligible for high-priority review.",No review action required; retain in the audit log for completeness.
CAND_0009,CAND_0009,Funder_001 -> Intermediary_001 -> EmbeddedControl_02 -> Campaign_EC02,funds -> co_occurs_with -> shares_link,4 -> 1 -> 2,ground-truth -> negative-control -> negative-control,Synthetic record: Funder_001 is listed as providing funding to Intermediary_001 during Phase_01. || Synthetic record: Intermediary_001 and EmbeddedControl_02 co-occurred in one abstract index during Phase_02. || Synthetic record: EmbeddedControl_02 and Campaign_EC02 shared the same abstract link during Phase_03.,51.3,60.0,0,0,funding_and_min_grade_2_v1,minimum_evidence_grade_below_2,0,0,0,0,1,true_negative,"not high priority: raw score 51.30 is below threshold 60.0: includes a direct synthetic funding edge (grade 4); weakest hop grade 1, mean grade 2.33; drops to a grade-0/1 hop and is ineligible for high-priority review; passes through an embedded control actor connected only by weak co-occurrence.",No review action required; retain in the audit log for completeness.
CAND_0030,CAND_0030,Funder_003 -> Intermediary_003 -> EmbeddedControl_04 -> Campaign_EC04,funds -> co_occurs_with -> shares_link,4 -> 1 -> 2,ground-truth -> negative-control -> negative-control,Synthetic record: Funder_003 is listed as providing funding to Intermediary_003 during Phase_01. || Synthetic record: Intermediary_003 and EmbeddedControl_04 co-occurred in one abstract index during Phase_02. || Synthetic record: EmbeddedControl_04 and Campaign_EC04 shared the same abstract link during Phase_03.,51.3,60.0,0,0,funding_and_min_grade_2_v1,minimum_evidence_grade_below_2,0,0,0,0,1,true_negative,"not high priority: raw score 51.30 is below threshold 60.0: includes a direct synthetic funding edge (grade 4); weakest hop grade 1, mean grade 2.33; drops to a grade-0/1 hop and is ineligible for high-priority review; passes through an embedded control actor connected only by weak co-occurrence.",No review action required; retain in the audit log for completeness.
CAND_0034,CAND_0034,Funder_005 -> Intermediary_005 -> EmbeddedControl_06 -> Campaign_EC06,funds -> co_occurs_with -> shares_link,4 -> 1 -> 2,ground-truth -> negative-control -> negative-control,Synthetic record: Funder_005 is listed as providing funding to Intermediary_005 during Phase_01. || Synthetic record: Intermediary_005 and EmbeddedControl_06 co-occurred in one abstract index during Phase_02. || Synthetic record: EmbeddedControl_06 and Campaign_EC06 shared the same abstract link during Phase_03.,51.3,60.0,0,0,funding_and_min_grade_2_v1,minimum_evidence_grade_below_2,0,0,0,0,1,true_negative,"not high priority: raw score 51.30 is below threshold 60.0: includes a direct synthetic funding edge (grade 4); weakest hop grade 1, mean grade 2.33; drops to a grade-0/1 hop and is ineligible for high-priority review; passes through an embedded control actor connected only by weak co-occurrence.",No review action required; retain in the audit log for completeness.
CAND_0047,CAND_0047,Funder_L006 -> Intermediary_L006 -> Report_L006,funds -> co_occurs_with,4 -> 1,distractor -> distractor,Synthetic record: Funder_L006 is listed as providing funding to Intermediary_L006 during Phase_01. || Synthetic record: Intermediary_L006 and Report_L006 co-occurred in one abstract index during Phase_02.,50.95,60.0,0,0,funding_and_min_grade_2_v1,minimum_evidence_grade_below_2,0,0,0,0,0,true_negative,"not high priority: raw score 50.95 is below threshold 60.0: includes a direct synthetic funding edge (grade 4); weakest hop grade 1, mean grade 2.50; drops to a grade-0/1 hop and is ineligible for high-priority review.",No review action required; retain in the audit log for completeness.
CAND_0023,CAND_0023,Funder_002 -> Intermediary_002 -> Campaign_006,funds -> co_occurs_with,4 -> 1,ground-truth -> distractor,Synthetic record: Funder_002 is listed as providing funding to Intermediary_002 during Phase_01. || Synthetic record: Intermediary_002 and Campaign_006 co-occurred in one abstract index during Phase_04.,50.95,60.0,0,0,funding_and_min_grade_2_v1,minimum_evidence_grade_below_2,0,0,0,0,0,true_negative,"not high priority: raw score 50.95 is below threshold 60.0: includes a direct synthetic funding edge (grade 4); weakest hop grade 1, mean grade 2.50; drops to a grade-0/1 hop and is ineligible for high-priority review.",No review action required; retain in the audit log for completeness.
CAND_0007,CAND_0007,Funder_000 -> Intermediary_000 -> Campaign_002,funds -> co_occurs_with,4 -> 1,ground-truth -> distractor,Synthetic record: Funder_000 is listed as providing funding to Intermediary_000 during Phase_01. || Synthetic record: Intermediary_000 and Campaign_002 co-occurred in one abstract index during Phase_02.,50.95,60.0,0,0,funding_and_min_grade_2_v1,minimum_evidence_grade_below_2,0,0,0,0,0,true_negative,"not high priority: raw score 50.95 is below threshold 60.0: includes a direct synthetic funding edge (grade 4); weakest hop grade 1, mean grade 2.50; drops to a grade-0/1 hop and is ineligible for high-priority review.",No review action required; retain in the audit log for completeness.
CAND_0015,CAND_0015,Funder_001 -> Intermediary_001 -> Campaign_004,funds -> co_occurs_with,4 -> 1,ground-truth -> distractor,Synthetic record: Funder_001 is listed as providing funding to Intermediary_001 during Phase_01. || Synthetic record: Intermediary_001 and Campaign_004 co-occurred in one abstract index during Phase_03.,50.95,60.0,0,0,funding_and_min_grade_2_v1,minimum_evidence_grade_below_2,0,0,0,0,0,true_negative,"not high priority: raw score 50.95 is below threshold 60.0: includes a direct synthetic funding edge (grade 4); weakest hop grade 1, mean grade 2.50; drops to a grade-0/1 hop and is ineligible for high-priority review.",No review action required; retain in the audit log for completeness.
CAND_0045,CAND_0045,Funder_L004 -> Intermediary_L004 -> Report_L004,funds -> co_occurs_with,4 -> 1,distractor -> distractor,Synthetic record: Funder_L004 is listed as providing funding to Intermediary_L004 during Phase_01. || Synthetic record: Intermediary_L004 and Report_L004 co-occurred in one abstract index during Phase_02.,50.95,60.0,0,0,funding_and_min_grade_2_v1,minimum_evidence_grade_below_2,0,0,0,0,0,true_negative,"not high priority: raw score 50.95 is below threshold 60.0: includes a direct synthetic funding edge (grade 4); weakest hop grade 1, mean grade 2.50; drops to a grade-0/1 hop and is ineligible for high-priority review.",No review action required; retain in the audit log for completeness.
CAND_0041,CAND_0041,Funder_L000 -> Intermediary_L000 -> Report_L000,funds -> co_occurs_with,4 -> 1,distractor -> distractor,Synthetic record: Funder_L000 is listed as providing funding to Intermediary_L000 during Phase_01. || Synthetic record: Intermediary_L000 and Report_L000 co-occurred in one abstract index during Phase_02.,50.95,60.0,0,0,funding_and_min_grade_2_v1,minimum_evidence_grade_below_2,0,0,0,0,0,true_negative,"not high priority: raw score 50.95 is below threshold 60.0: includes a direct synthetic funding edge (grade 4); weakest hop grade 1, mean grade 2.50; drops to a grade-0/1 hop and is ineligible for high-priority review.",No review action required; retain in the audit log for completeness.
CAND_0043,CAND_0043,Funder_L002 -> Intermediary_L002 -> Report_L002,funds -> co_occurs_with,4 -> 1,distractor -> distractor,Synthetic record: Funder_L002 is listed as providing funding to Intermediary_L002 during Phase_01. || Synthetic record: Intermediary_L002 and Report_L002 co-occurred in one abstract index during Phase_02.,50.95,60.0,0,0,funding_and_min_grade_2_v1,minimum_evidence_grade_below_2,0,0,0,0,0,true_negative,"not high priority: raw score 50.95 is below threshold 60.0: includes a direct synthetic funding edge (grade 4); weakest hop grade 1, mean grade 2.50; drops to a grade-0/1 hop and is ineligible for high-priority review.",No review action required; retain in the audit log for completeness.
CAND_0001,CAND_0001,Funder_000 -> Intermediary_000 -> EmbeddedControl_01 -> Report_EC01,funds -> co_occurs_with -> co_occurs_with,4 -> 1 -> 1,ground-truth -> negative-control -> negative-control,Synthetic record: Funder_000 is listed as providing funding to Intermediary_000 during Phase_01. || Synthetic record: Intermediary_000 and EmbeddedControl_01 co-occurred in one abstract index during Phase_02. || Synthetic record: EmbeddedControl_01 and Report_EC01 co-occurred in one abstract index during Phase_03.,47.2,60.0,0,0,funding_and_min_grade_2_v1,minimum_evidence_grade_below_2,0,0,0,0,1,true_negative,"not high priority: raw score 47.20 is below threshold 60.0: includes a direct synthetic funding edge (grade 4); weakest hop grade 1, mean grade 2.00; drops to a grade-0/1 hop and is ineligible for high-priority review; passes through an embedded control actor connected only by weak co-occurrence.",No review action required; retain in the audit log for completeness.
CAND_0021,CAND_0021,Funder_002 -> Intermediary_002 -> EmbeddedControl_03 -> Report_EC03,funds -> co_occurs_with -> co_occurs_with,4 -> 1 -> 1,ground-truth -> negative-control -> negative-control,Synthetic record: Funder_002 is listed as providing funding to Intermediary_002 during Phase_01. || Synthetic record: Intermediary_002 and EmbeddedControl_03 co-occurred in one abstract index during Phase_02. || Synthetic record: EmbeddedControl_03 and Report_EC03 co-occurred in one abstract index during Phase_03.,47.2,60.0,0,0,funding_and_min_grade_2_v1,minimum_evidence_grade_below_2,0,0,0,0,1,true_negative,"not high priority: raw score 47.20 is below threshold 60.0: includes a direct synthetic funding edge (grade 4); weakest hop grade 1, mean grade 2.00; drops to a grade-0/1 hop and is ineligible for high-priority review; passes through an embedded control actor connected only by weak co-occurrence.",No review action required; retain in the audit log for completeness.
CAND_0032,CAND_0032,Funder_004 -> Intermediary_004 -> EmbeddedControl_05 -> Report_EC05,funds -> co_occurs_with -> co_occurs_with,4 -> 1 -> 1,ground-truth -> negative-control -> negative-control,Synthetic record: Funder_004 is listed as providing funding to Intermediary_004 during Phase_01. || Synthetic record: Intermediary_004 and EmbeddedControl_05 co-occurred in one abstract index during Phase_02. || Synthetic record: EmbeddedControl_05 and Report_EC05 co-occurred in one abstract index during Phase_03.,47.2,60.0,0,0,funding_and_min_grade_2_v1,minimum_evidence_grade_below_2,0,0,0,0,1,true_negative,"not high priority: raw score 47.20 is below threshold 60.0: includes a direct synthetic funding edge (grade 4); weakest hop grade 1, mean grade 2.00; drops to a grade-0/1 hop and is ineligible for high-priority review; passes through an embedded control actor connected only by weak co-occurrence.",No review action required; retain in the audit log for completeness.
CAND_0050,CAND_0050,Funder_W02 -> SocialAccount_WC02 -> MediaOutlet_WC02 -> Campaign_WC02,shares_link -> amplifies -> uses_similar_language,2 -> 2 -> 2,distractor -> distractor -> distractor,Synthetic record: Funder_W02 and SocialAccount_WC02 shared the same abstract link during Phase_01. || Synthetic record: SocialAccount_WC02 repeatedly amplified output attributed to MediaOutlet_WC02 during Phase_01. || Synthetic record: MediaOutlet_WC02 used wording closely similar to Campaign_WC02 during Phase_01.,38.3,60.0,0,0,funding_and_min_grade_2_v1,missing_funding_edge,0,0,0,1,0,true_negative,"not high priority: raw score 38.30 is below threshold 60.0: no direct funding edge; weakest hop grade 2, mean grade 2.00; drops to a grade-2 shared-link/amplification hop; weak-signal-only chain (RQ5): no documentary hop anywhere.",No review action required; retain in the audit log for completeness.
CAND_0052,CAND_0052,Funder_W04 -> SocialAccount_WC04 -> MediaOutlet_WC04 -> Campaign_WC04,shares_link -> amplifies -> uses_similar_language,2 -> 2 -> 2,distractor -> distractor -> distractor,Synthetic record: Funder_W04 and SocialAccount_WC04 shared the same abstract link during Phase_01. || Synthetic record: SocialAccount_WC04 repeatedly amplified output attributed to MediaOutlet_WC04 during Phase_01. || Synthetic record: MediaOutlet_WC04 used wording closely similar to Campaign_WC04 during Phase_01.,38.3,60.0,0,0,funding_and_min_grade_2_v1,missing_funding_edge,0,0,0,1,0,true_negative,"not high priority: raw score 38.30 is below threshold 60.0: no direct funding edge; weakest hop grade 2, mean grade 2.00; drops to a grade-2 shared-link/amplification hop; weak-signal-only chain (RQ5): no documentary hop anywhere.",No review action required; retain in the audit log for completeness.
CAND_0054,CAND_0054,Funder_W06 -> SocialAccount_WC06 -> MediaOutlet_WC06 -> Campaign_WC06,shares_link -> amplifies -> uses_similar_language,2 -> 2 -> 2,distractor -> distractor -> distractor,Synthetic record: Funder_W06 and SocialAccount_WC06 shared the same abstract link during Phase_01. || Synthetic record: SocialAccount_WC06 repeatedly amplified output attributed to MediaOutlet_WC06 during Phase_01. || Synthetic record: MediaOutlet_WC06 used wording closely similar to Campaign_WC06 during Phase_01.,38.3,60.0,0,0,funding_and_min_grade_2_v1,missing_funding_edge,0,0,0,1,0,true_negative,"not high priority: raw score 38.30 is below threshold 60.0: no direct funding edge; weakest hop grade 2, mean grade 2.00; drops to a grade-2 shared-link/amplification hop; weak-signal-only chain (RQ5): no documentary hop anywhere.",No review action required; retain in the audit log for completeness.
CAND_0049,CAND_0049,Funder_W01 -> SocialAccount_WC01 -> MediaOutlet_WC01 -> Proxy_WC01 -> Report_WC01,co_occurs_with -> shares_link -> amplifies -> uses_similar_language,1 -> 2 -> 2 -> 2,distractor -> distractor -> distractor -> distractor,Synthetic record: Funder_W01 and SocialAccount_WC01 co-occurred in one abstract index during Phase_01. || Synthetic record: SocialAccount_WC01 and MediaOutlet_WC01 shared the same abstract link during Phase_01. || Synthetic record: MediaOutlet_WC01 repeatedly amplified output attributed to Proxy_WC01 during Phase_02. || Synthetic record: Proxy_WC01 used wording closely similar to Report_WC01 during Phase_02.,27.77,60.0,0,0,funding_and_min_grade_2_v1,missing_funding_edge;minimum_evidence_grade_below_2,0,0,0,1,0,true_negative,"not high priority: raw score 27.77 is below threshold 60.0: no direct funding edge; weakest hop grade 1, mean grade 1.75; drops to a grade-0/1 hop and is ineligible for high-priority review; weak-signal-only chain (RQ5): no documentary hop anywhere.",No review action required; retain in the audit log for completeness.
CAND_0051,CAND_0051,Funder_W03 -> SocialAccount_WC03 -> MediaOutlet_WC03 -> Proxy_WC03 -> Report_WC03,co_occurs_with -> shares_link -> amplifies -> uses_similar_language,1 -> 2 -> 2 -> 2,distractor -> distractor -> distractor -> distractor,Synthetic record: Funder_W03 and SocialAccount_WC03 co-occurred in one abstract index during Phase_01. || Synthetic record: SocialAccount_WC03 and MediaOutlet_WC03 shared the same abstract link during Phase_01. || Synthetic record: MediaOutlet_WC03 repeatedly amplified output attributed to Proxy_WC03 during Phase_02. || Synthetic record: Proxy_WC03 used wording closely similar to Report_WC03 during Phase_02.,27.77,60.0,0,0,funding_and_min_grade_2_v1,missing_funding_edge;minimum_evidence_grade_below_2,0,0,0,1,0,true_negative,"not high priority: raw score 27.77 is below threshold 60.0: no direct funding edge; weakest hop grade 1, mean grade 1.75; drops to a grade-0/1 hop and is ineligible for high-priority review; weak-signal-only chain (RQ5): no documentary hop anywhere.",No review action required; retain in the audit log for completeness.
CAND_0053,CAND_0053,Funder_W05 -> SocialAccount_WC05 -> MediaOutlet_WC05 -> Proxy_WC05 -> Report_WC05,co_occurs_with -> shares_link -> amplifies -> uses_similar_language,1 -> 2 -> 2 -> 2,distractor -> distractor -> distractor -> distractor,Synthetic record: Funder_W05 and SocialAccount_WC05 co-occurred in one abstract index during Phase_01. || Synthetic record: SocialAccount_WC05 and MediaOutlet_WC05 shared the same abstract link during Phase_01. || Synthetic record: MediaOutlet_WC05 repeatedly amplified output attributed to Proxy_WC05 during Phase_02. || Synthetic record: Proxy_WC05 used wording closely similar to Report_WC05 during Phase_02.,27.77,60.0,0,0,funding_and_min_grade_2_v1,missing_funding_edge;minimum_evidence_grade_below_2,0,0,0,1,0,true_negative,"not high priority: raw score 27.77 is below threshold 60.0: no direct funding edge; weakest hop grade 1, mean grade 1.75; drops to a grade-0/1 hop and is ineligible for high-priority review; weak-signal-only chain (RQ5): no documentary hop anywhere.",No review action required; retain in the audit log for completeness.
